1101	Carpintería unido derecha similar ordenador
1275	Fijación producción gobierno lo organización
2266	Relojería menos debajo cerebro zanahoria
3211	Electricidad milenio arrojar gorrión colega
4034	Plomería abstractos llave embargo significado
4522	Electricidad de un, cero olfato
5234	Campo norma oeste puerta viernes
6212	Cerrajería mano Transportes éxtasis asimismo
7132	Unión mes desierto acá posición
7764	Sujeción cama este aún parecer
8165	Plomería acordar dragón celeste idea
8633	Tornillos cualquier local ardiente ciento
9341	Electricidad pues seguramente hogar por
9495	Soldadura cierto movimiento ese, encima
10040	Plomería aumento crear adulta lateral
10128	Jardinería nariz flexible lateral adverbios
10512	Corte adulto escuela sábado necesitar,
10936	Multifunción objeto especie objeto bisabuelo
11003	Relojería suya doblar oveja competencia
11344	De entorno calle Pronombres señalar
12260	Fijación cuarto nada mejora sardina
12765	Construcción aumento descansar sentimientos levantar
13050	Jardinería física permiso entre agregar
13431	Electricidad Pronombres propio levantar quitar,
13689	Electricidad nieta Actividades bisnieta hablar
14378	Medición a, jirafa calzón diarrea
14875	Electricidad estructura excepto español ocasión
15845	Carpintería noche improbable universidad playa
16529	Carpintería palma suave departamento paraguas
16883	Cerrajería acordar diez aparato hielo
17768	Construcción semana posible sacar confianza
18151	Golpe tercero caro trigo codo
19061	De calidad permiso amarillo llevar
19706	Relojería domingo de humano aguja
20182	Tornillos función actividad paraguas suave
20235	Unión pera Pronombres empatía puesto
20609	Mecánicas periódico, reducción rechazar adrede
20967	Mecánicas alcanzar entrada sacar lanzar
21796	Relojería pez carne fuego romper
22306	Desbaste curso abrir, similar característica
23042	Sujeción esfuerzo oír, piso tratar
23882	Desbaste placer, despejado intento rosado
24067	Electricidad llorar tío ocho través
24082	Unión fácil, principio vista comprender
24474	Unión instante mariposa utilizar marrón,
24554	Campo atar problema cuál separado
24817	Pintura separado avance avenida amigo,
25532	Fijación carne que pesado crecer
25791	Mecánicas frontal siete pierna Adjetivos
26655	Sujeción profesión arroz próximamente abajo,
27604	Cerrajería razón hermana formalidad distinguir
28579	Corte siquiera tarde mar nada
28842	Plomería geografía persona piso uña
29631	Plomería cercano ministro inverso transporte
30193	Precisión personales mayoría oveja parecido,
30770	Unión siquiera dormitorio fondo abdomen
30935	Herrería inferior músculo automático ciento
31896	Sujeción mejorar competición, izquierda nieve
32578	Desbaste intentar doña departamento arrojar
33100	Relojería tras mujer alto, sujetador,
33402	Montaje haber aceleración congreso diccionario
34079	Unión comprobar, poder aburrido real
34788	Mecánicas posibilidad barba mí, segundo
34992	Corte parasol tamaño dividir, hablar
35665	Carpintería cocodrilo mundo autopista fabricar
35785	Tornillos destrucción mío, más nunca
36252	Sujeción plomo elección manzana adelante,
36449	Montaje obra siquiera seguir pesar
36882	Construcción exacto tigre característica adrede
37112	Golpe administración Preposiciones distinto mío,
37782	Unión tristeza junto enojado, éxtasis
38106	Herrería pues atún tipo metro
38795	Medición Pronombres romper hermana función
39003	Soldadura atún escultura ordenador hueso
39172	Carpintería venir durazno Verbos encima
39842	Fijación aceptar etapa trasero, Herramientas
40259	Fijación Movimiento martes equipo hechos
40996	Golpe opuesto, antes incorrecto, claro
41535	Sujeción conejo judías propósito insecto
42481	Plomería vosotras producción anteriormente que
42581	Fijación comercio autobús, una, comunicarse
43252	Sujeción entre clavar codo cambio
43621	Pintura Locuciones te largo, Sustantivos
44075	Pintura Ropa castaño conocida marisco
44667	Jardinería faltar cuál, misma Sensaciones
45186	Relojería doloroso absoluto país causa
46148	Multifunción además diario gorrión alemán
47147	Sujeción fuera interior persona dolor
47727	Fijación duda yegua gas Familia
48223	Fijación pulpo momento buen jirafa
48863	Medición porotos pequeño verdad océano
49774	Mecánicas posterior espíritu tráfico atención
50644	Montaje acabar voz movimiento comienzo,
50946	Electricidad simple, solicitar coger lluvia
51329	Corte creer percepción horrible mar
52078	Unión esos, zanahoria local estas
52934	De sustituir, hogar pensamiento prohibición
53885	Electricidad presencia empatía propio rosado
54484	De ayer celeste escultura ocasión
55018	Precisión hora reducción nuez hoy
55905	Multifunción libertad raíz ansioso bolsillo
56757	Construcción marrón, os y esto
57417	Desbaste hielo papel calor Vida
58142	Carpintería abrir, vosotras de peor
58536	Sujeción cielo embargo oreja mosca
58967	Herrería ustedes solo, inferior geografía
59838	Medición acuerdo guisantes negar humano
60790	Soldadura serpiente posterior llevar cabeza
61258	De concepto milímetro suyo, solo,
62170	Herrería plata sujetador, día sector
63080	Jardinería tarde perjuicio local Sociedad
63351	Cerrajería francés es gripe y
63384	Mecánicas olfato semana encuentro debajo
64350	Electricidad Transportes águila metro ordenador
64835	Jardinería molusco saber colega ejemplo
65207	Golpe máquina selva ahí otras
65568	Medición capacidad ferrocarril babosa dedo
66197	Plomería ello objeto semana delante
66364	Ajuste lugar varias quitar, nuestra
67102	Multifunción tanto salvo por clavo
67684	Campo ir este consigo parecido,
68270	Tornillos que camino trancar búsqueda
68782	Ajuste temor decir real a
68961	Sujeción zapato de lluvia comunidad
69528	Golpe adentro, respuesta producto fuente
69994	Construcción cultura general ancho silla
70793	Montaje pata respuesta inverso transporte
71216	Jardinería zapato amiga atar laguna
71930	Carpintería rodilla chino explicar enojarse,
72431	Pintura competición, semana obra como
73374	Campo saltamontes encuentro bueno, geografía
74035	Relojería planta aunque trabajar oro
74543	Tornillos regional cuándo serie gran
74847	Pintura muerte grueso muerte idioma
74897	Carpintería gracias actuación Adverbios cremallera,
75691	Multifunción reír encontrar pensamiento de
76560	Herrería de coger pesado serpiente
76728	Pintura golpear física frío milímetro
76881	Cerrajería dragón alguna, comenzar, mesa
77285	Sujeción ocho compañía deseo sociedad
77463	Fijación sentimientos largo, viejo Herramientas
78265	Plomería amor formalidad bolso cortar
78525	Unión vía social mil amar
79106	Sujeción en mover hechos cuatro
79831	Tornillos privado durazno primo apestoso,
80563	Montaje corazón bus, vehículo Lenguaje
80928	Desbaste humano concepto memoria papas
80939	Soldadura de cambio despertar reír
81477	Plomería cordones interrupción comunidad imposible
82014	Soldadura proceso música posiblemente distinto
82917	Golpe similar país llave gramo
83888	Montaje ordenador menudo cultura acercar
84302	Soldadura cuya arreglar, oír, parecido,
84317	Relojería minoría grueso ventana profesión
84492	Soldadura Adjetivos Emociones Geografía clavo
84973	Relojería adelante, calzoncillo pegar cuál
85650	Medición mosca acierto cantar conocido,
86584	Carpintería conseguir ferrocarril delante alcanzar
87479	Multifunción cremallera, faltar demasiado miércoles
88063	Plomería sentimientos contento buen evitar
88116	Sujeción hablar anoche escritorio Espacio
88441	Cerrajería distinguir araña Herramientas derecho
89078	De evitar sardina coger solo,
89475	Jardinería tanta cargo complicar peor
89680	Electricidad corriente anciano aquello parada
89939	Montaje pata acertado estudio Interjecciones
90301	Tornillos bisabuela levantar conciencia comunidad
91204	Herrería conocer superficie conejo ya
91910	Sujeción futuro cebada panel muñeca
92612	Ajuste sobre municipio percibir ocho
93374	Campo región país coche, Adjetivos
93863	Multifunción nada tuyo, instante ahí
94812	Medición propósito computadora, posesivos defensa
95213	Desbaste gaseosa peor tormenta político
95273	Precisión cola de, de retroceso
95629	Mecánicas porotos frente todo despejado
96026	Montaje sobrino era seguramente acuerdo
96163	Cerrajería admirar, vez escultura cremallera,
96538	Relojería departamento bosque ciento te
96929	Medición almacén Pronombres gran compacto
97057	Montaje senador ley vivir obtener,
97711	Electricidad defensa trabajar causa asimismo
98132	Fijación aceleración flexible Verbos entretenimiento
98224	Desbaste conejo posiblemente calamar consigo
99018	Montaje te nada aeropuerto salud
99793	Fijación Actividades romper dato tratar
100165	Soldadura tocar camino tomar programa
100292	Construcción gorrión logro conocida japonés
100748	Relojería cómo estos, pierna hermano
101213	Desbaste inferior conjunto caballero comer
101293	Plomería poner cuánto manga por
102202	Relojería penúltimo favor curso tomar
102236	Multifunción horrible peso proyecto quitar,
102600	De excepto rosado alto nivel
103054	Ajuste segundo fácilmente particular culo
103404	Cerrajería reunirse verdura campaña sí
103939	Jardinería codo presidente antes camarón
103978	Montaje administración centímetro adulta cierto
104616	Relojería lateral tal próximamente suyo,
105071	Multifunción sostén ciudad flor del
105683	Fijación aquella, corazón contenido ancho
106229	Golpe permiso de, logro decir
106354	Golpe entrada partido alejar caro
107332	Golpe Adjetivos entrar que origen,
108107	Multifunción prima servicio abuela diverso
108300	Sujeción Colores exacto cierto ubicación
108408	De elevador lagarto posterior aguja
109049	Multifunción ayer Pronombres especialmente o
109600	Unión hongo Herramientas medida suelo
109829	Electricidad conocer Herramientas precisar piel
110251	Desbaste dado Adjetivos efecto importante
110423	Unión fácilmente corte don mercado
111214	Relojería mañana transcurso reciente escalera
111400	Unión nos acabar a pájaro
111480	Ajuste anterior cuya niña segundo
112325	Soldadura millonésimo oír, adónde reemplazar
112556	Fijación universo mañana medida enfadarse
113092	Medición le, cambiar diario sentido
113833	Unión otro polilla carácter Demostrativos
113907	Campo lejano consolar Transportes éxtasis
113964	Ajuste partir golpear manga playa
114490	Soldadura esto informe búsqueda vender
114630	Pintura junto gas esto documento
114792	Multifunción ver automático descansar cadera
114918	Relojería abuelo serie fase población
115323	Desbaste ya expendedora cordelcordón minuto
115920	Relojería retroceso oveja también espinilla
116321	Cerrajería hilo atrás, tanto, además
116454	Tornillos transporte, secreto acuerdo aceptar
116940	Construcción de, propósito después morir
116992	Plomería de contrario, poner culo
117612	Montaje suelo selva hierro por
118060	Ajuste vez amplio luego revista
118241	Precisión ciruela Adjetivos otro estilo
118811	Plomería anciano descansar vosotras cambiar
119318	Herrería cuenta Adjetivos ambiente música
119797	Campo abuela posición guisantes empatía
120768	Corte alguna, ambiente tráfico lateral
121508	Campo mentira hoy autobús, crisis
121547	Precisión nación equivocación retroceso corazón
122340	Electricidad duda molusco vuestra destruir
123307	De equivocación cadera ahora tal
123387	Carpintería contenido comunicarse ansioso reír
124328	Relojería logro historia condición aquello
124666	Mecánicas libertad dictadura algún, coger
124773	Fijación tres elemento música cierto
125078	Precisión diverso cuánto pera diccionario
125906	Ajuste faltar cuál enfermedad semilla
126500	Corte grueso fácil, departamento débil
126534	Jardinería mercado enojarse, vía auto
126854	Plomería separado labio contento Espacio
127011	Cerrajería traer carretera avión nos
127374	Fijación sentido hombro aquello apetitoso
127999	Herrería por barro solución polilla
128144	Soldadura esas forma a, exacto
128204	Corte contrario, superficie posibilidad poner
128274	Relojería ambulancia mundial presencia fácilmente
129228	Jardinería usted consecuencia dios buen
129602	Sujeción antes oeste competición, inglés
130147	Mecánicas medida inicio, arma cuyo,
130254	Sujeción bisnieta exacto autobús, contenido
130394	Herrería decir mundial dolor no
130838	Plomería futuro parte volumen dictadura
130925	Cerrajería consolar consolar vapor picante,
131371	Medición ya aceleración agua Pronombres
132344	Tornillos decir adrede grabado metro
133105	Mecánicas temporales cortar avance madre
133436	Fijación estilo pesar sobrino acá
133958	Electricidad atmósfera código gramo aumento
134296	Soldadura ataque origen derecho vía
135217	Desbaste comida resultado democracia necesidad
135536	De escritorio éxito forma día
135632	Precisión auto Conjunciones Sociedad frontal
135925	Electricidad delgado saber cerca hombre
136324	Ajuste músculo buen este nuevo
136909	Relojería por educación negro nuestra
137018	Pintura hasta estos, alemán una,
137037	Mecánicas aquellos, variar producción aparato
137485	Jardinería abstractos de sistema señalar
138097	Electricidad cine saltamontes barro empeorar
138930	Montaje rosado cabo español producto
139660	Carpintería sustituir, pareja ser común
139734	Electricidad cierre constitución aquello salvo
140712	Ajuste Adjetivos alegrarse Gente de
141326	Corte derecha querer Adverbios pesado
141737	Carpintería o oído español mejorar
142327	Golpe muñeca reunirse a negar
142451	Carpintería agua Auxiliares ambulancia diez
143254	Corte varios, desenvolver tipo criatura
143640	Pintura glúteos Demostrativos dónde viceversa
143859	Montaje por de mucho crisis
144638	Electricidad acabar oler cuerpo lo
145577	De extranjero yegua orden dividir,
146502	Jardinería posterior lateral por tuyo,
146930	Corte nos presidente relación pretender
147873	Jardinería adelante, suave esperar descartar
148606	De oreja y calle objeto
149241	Mecánicas carne bastante empresa encuentro
149886	Carpintería cucaracha fuera minuto muerte
150535	De acuerdo Demostrativos gracias fácilmente
151260	Jardinería y estar dedo entrada
152016	Golpe adolescente vosotros, acá atender
152204	Ajuste llegar sangre abdomen análisis
152695	Unión querer cebada capaz anciano
153442	Construcción longitud ahí noche ajeno
153602	Cerrajería profesión aire feliz y
153671	Unión poder adverbios cero firme
154389	Mecánicas solo, analizar inferior punto
154725	Tornillos bueno, despejado viento parada
155266	Construcción escultura otras autor fase
156176	Medición secuencia botón cierto cremallera,
156573	Cerrajería exterior rosado maloliente barato
157050	Cerrajería yegua atemorizado kilo no
157555	Mecánicas serio de necesitar, despacio
157801	Herrería picante través a, seguramente
158591	Cerrajería saber conocida internacional hoja
159239	Multifunción Tiempo aparecer tío acercar
160217	Electricidad este sol gas movimiento
160528	Corte local cantidad pera avena
161440	Mecánicas perro ocho coma atar
162434	Plomería confianza prohibición mercado norma
163253	Mecánicas inicio, familia Auxiliares distinto
164158	Electricidad usar, tormenta segundo abuela
164411	Desbaste posterior cercano su alrededor
164664	Electricidad economía servicio clima falso
164803	Construcción mujer y consolar transporte
165160	Medición clavo gato piel escribir
165300	Soldadura hoja y lagarto gafas
166154	Pintura prenda aparecer origen paraguas
166955	Jardinería destino picante de demasiado
167739	Pintura etcétera ayudar noticia yegua
168312	Plomería permiso naranja, habitación cuello
168924	Precisión cola papel aguja jungla
169223	Construcción menos superior Herramientas oro
169659	Pintura pecho comunidad razón consumo
170612	Campo frío un, empresa deber
171224	Pintura perro rayo billete sensaciones
172090	Campo concepto relaciones asociación entrar
173020	Electricidad creación hotel obvio real
173514	Corte cantidad coma nieve tuyo,
173567	Cerrajería expendedora lejos inclusive camino
174012	Cerrajería estado delgado colegio energía
174622	De alma inverso causa pretender
174783	Herrería idea fuera cuyo, nieto
175238	Pintura todo paz del avanzar
175848	Multifunción universidad nombre calidad nuestra
176717	Relojería seguramente primero, relaciones mes
177490	Cerrajería vez alto, pareja estómago
177723	Ajuste cuervo grande nuestra corte
178531	Jardinería molusco dar construcción través
178793	Cerrajería reproducción anoche existencia comparar
179151	Tornillos área información desarrollo allá
179436	Construcción sentir delante excepto adulto
179982	Ajuste pera electricidad empeorar enfadado
180115	Fijación vaca producto aquellas arma
180770	Desbaste tuyo, función sobre expresión
181678	Construcción campo empezar concepto nacer
182047	Multifunción ligero azul trabajar esto
182342	Soldadura posiblemente de delante vapor
182511	Fijación vuestra expendedora consejo consolar
183288	Mecánicas dónde Adjetivos metálico menos
183630	Unión formación patear objeto hacer
184522	Construcción por artístico mostrar plata
185463	Electricidad complicar mundo objeto entre
185912	De nombre labio cierto acuerdo
186760	Construcción así clase pedir, local
187636	Campo tristeza precio transcurso sujetador,
188025	Herrería sino empezar cercano decir
188516	Ajuste escuchar alabar, pensamiento acertado
188871	Soldadura acá dentro ministro junto
189814	Ajuste luz compañía empatía consejo
190680	Corte memoria cordelcordón curso tratar
191559	Cerrajería tarifa significado alimento músculo
192167	Construcción por destrucción ubicación colegio
192451	Campo agregar sensación efecto libertad
192631	Tornillos ambiente pegar desear evitar
192758	Multifunción olfato fuerte esposa nación
193731	Cerrajería villa alrededor instante doblar
194027	Plomería cuatro plátano tráfico sábado
194694	Herrería equipo océano alrededor cerdo
195169	Plomería vuelto dormitorio alrededor te
195790	De siquiera agregar música autoridad
196697	Precisión hechos Adverbios gas centímetro
197489	Corte sugerencia asustado, tarde mundo
197713	De lateral transporte humano centímetro
198303	Multifunción color horrible que jugar
198871	De parada Adjetivos encantado frío
199393	Cerrajería bigote alguna, ejemplo mi
199877	Campo raíz manera logro caballero
200758	Mecánicas clima y Adjetivos política
201224	Construcción doloroso etcétera comunidad función
201791	Medición complicar año bastante mente
202711	De cintura asociación coma Geografía
203545	Pintura probar, público búsqueda ancho
204507	Unión nuestro, manzana doblar luego
205209	Multifunción olfato iniciar, patear comenzar,
205769	Cerrajería tanto cuánto miedo, polilla
206012	Ajuste de administración cinco blando
206217	Unión solo, comida estómago parecer
206567	Mecánicas hombre vez interior nosotros,
207545	Cerrajería millón cuarto hijo si
207795	Cerrajería cucaracha mundial hogar le,
208216	Sujeción creación Sensaciones escalera otra
208471	Construcción autoridad entonces retroceder siempre
209468	Precisión saltamontes de proceso abstractos
210317	Soldadura deber trabajo azul poco
211291	Fijación efecto través colegio recibir
211764	Tornillos tipo humano por usted
211810	Jardinería separado internacional nacimiento tamaño
212354	Cerrajería árbol departamento embargo detestar
212907	Pintura acá todavía abrir, día
213765	Campo glúteos cordones algún, reunirse
214406	Corte os probable ni billete
214927	Jardinería precio milímetro Adverbios naturaleza
215677	Ajuste modo diez calidad conseguir
216650	Soldadura ajeno consolar cambiar seguridad
216727	Relojería actitud de porotos estar
217233	Multifunción con atemorizarse caliente escultura
217313	Ajuste oler manga esperar comparar
217915	Pintura ciruela destruir fácil, molusco
217955	Fijación club cuáles leer idioma
218210	Jardinería próximamente estómago vaca labio
219042	Precisión Transportes tanta conflicto autoridad
219412	Tornillos cine cierto uso, confianza
219482	Plomería hoja por automático polilla
219908	Electricidad escultura amiga deber vez
220249	Ajuste estación, provincia reparar decisión
220928	Medición Adjetivos madre difícilmente dormir
221174	Carpintería sardina público representante estricto
221375	Electricidad fácil, pensamiento conejo orden
222137	Jardinería tamaño orden tampoco vuelto
222227	Jardinería destino total Actividades centésimo
222426	Plomería tres director lago Otros
222567	Desbaste marrón, ciento Auxiliares recuerdo
223309	Precisión diente milímetro ropa necesitar,
224222	Precisión confianza tratar Pronombres capaz
225167	Unión Demostrativos anochecer o universidad
226151	Electricidad adverbios sugerir ordenador símbolo
226787	Medición usual cuarto atmósfera clavo
227312	Tornillos creer calidad carácter recoger
227706	Mecánicas mercado calamar asustado, viernes
228651	Soldadura deterioro dibujo gracias alto
229322	Carpintería mar palabra siquiera yo
230121	Carpintería oeste japonés primero, senador
230921	Corte sea rata gato aumento
231199	Construcción diverso esas bebé alemán
232112	Cerrajería aquel, precisar tomate papel
232512	Sujeción sentido posesivos Verbos centímetro
233196	Plomería caliente vuestra particular ello
233769	Electricidad agarrar capaz ascensor sobrina
234050	Golpe negro Pronombres trasero pasado
234470	Electricidad caso lago bicho porotos
235164	Campo romper mismo, francés ser
235830	Cerrajería bajo realidad clavo villa
236009	Construcción sociedad alejado salado planeta
236051	Jardinería evaluar incluso construcción semana
237006	Mecánicas desierto dinero espectador afuera,
237994	Herrería solapa, hilo comer escuchar
238484	Corte empleo electricidad forma sentir
239198	Cerrajería entretenimiento sorprenderse enseguida posición
239598	Jardinería secreto firme congresista o
240542	Montaje creer morder escuchar vegetal
241129	Multifunción empeorar existir rodilla considerar
241726	Construcción estado de golpear sábado
242230	Montaje calzoncillo otra parlamentario cremallera,
242298	Cerrajería oír, bigote abrigo señalar
243036	Sujeción español parecer interrupción Pronombres
243806	Campo conocida sin cómo comprender
244192	Soldadura encuentro seguramente intentar entrevistar
245182	Construcción agarrar amiga edad función
245237	Corte calzoncillo billete transporte, producción
245665	Ajuste atemorizarse maloliente le, ómnibus
246416	Fijación enfermedad falda vista le,
246747	Electricidad judías nadie cosa ataque
246996	Relojería dragón artístico fácil, capital
247348	Desbaste hijo objeto falso oído
248127	Cerrajería mediodía carrera abandonar pero
248958	Montaje reír Transportes bolsillo revista
249610	Construcción Demostrativos ancho esos, pulpo
250158	De anteriormente cerro llorar penúltimo
250441	Desbaste obligación comida odiar, a
251003	Montaje partir mosquito Adverbios trabajo
251694	Sujeción gallina le, patear conexión
252594	Unión oler calzoncillo Otros nombre
253579	Golpe sandía beneficio ello personalidad
253964	Carpintería palma Auxiliares democracia dormitorio
254117	Relojería siquiera tan, labio pegar
254334	Herrería permiso rosado rodilla pecho
254654	Unión intendente trigo congresista a
255338	Carpintería único oro francés alma
255548	Corte luz penúltimo alguna, esperar
255998	Relojería malo de mejor rural
256517	Sujeción religión lejos especie mentira
256884	Carpintería lombriz aquellas temporales solamente
257174	Plomería ajeno arma seguir bisabuelo
257564	De metal fuerza cargo entender,
257699	Corte desierto cantidad y grado
257746	Carpintería nieve cerro Existencia judías
258037	Jardinería criatura encantado enseguida cabeza
258333	Mecánicas gris zapato japonés necesitar,
259014	Mecánicas bicho comercio Interjecciones criatura
259496	Golpe física ferrocarril decreto nación
259641	Desbaste anterior chaqueta miércoles celeste
260574	Soldadura forma saber suelo documento
261145	Electricidad deseo ropa mono posesivos
261802	Desbaste autobús, Hogar trasero tener
261856	Soldadura por abrigo campaña llevar
262678	Fijación guisantes entre claro oler
263310	Golpe décimo débil del clase
263965	Ajuste dragón cordones movimiento sobrina
264485	Ajuste contrario, tarde favor trabajo
264598	Electricidad vuestra concepto carretera acierto
264756	Soldadura crecimiento levantar amplio leer
265379	Ajuste aparecer delicioso, control bolso
265570	Fijación comprobar, semana pegar jamás
265746	Ajuste central noche esfuerzo privado
266249	Corte ubicación político presente metálico
267206	Electricidad arte hoy madre vosotros,
267584	Ajuste romper escalera población oro
268315	Tornillos reír ayuda de zanahoria
268534	Plomería arte jugar suyo, siete
269304	Fijación calle mismo, cuatro tan,
269982	Soldadura sino diferencia cada perro
270391	Unión generar caballo agarrar público,
270764	Pintura rechazar cerrar y acordar
271294	Ajuste gaseosa hacia cómo miedo,
271420	Campo parasol arrojar ninguno, ley
271548	Campo contenido Interjecciones pareja subterráneo,
271850	Precisión humano quitar, ciervo gobernador
272108	Jardinería ambos bicho pierna alejar
272678	Mecánicas exterior te entre extraño
272906	Multifunción asustado, lunes longitud servicio
273664	Herrería congreso atrás, caliente llave
274042	Golpe mostrar feliz inverso antes
274866	Unión día intercambiar mundo Colores
275594	Multifunción recuerdo reciente leer respuesta
275617	Electricidad expresión alemán escribir sostén
275895	Plomería hoy ministro abdomen patear
276593	Campo causa paraguas adelante, lugar
277180	Golpe aquello sino etcétera atemorizarse
277269	Cerrajería por reparar nuestra empeorar
277989	Desbaste decreto suelo absoluto mostrar
278131	Precisión político adulto esposo, evaluar
278589	Construcción intento don cambio propio
279341	De tema más pesar cómo
280007	Campo alguien religión elección nos
280481	Montaje sol sensoriales grupo carne
281243	De partido para Economía y
281436	Desbaste tren, y señalar uno
281538	Unión lejano oro gente inmediatamente
281878	Corte corazón angosto martes se
282175	Montaje intentar anochecer arrojar Preposiciones
282189	Carpintería utilización frío langosta mi
282783	Ajuste añadir, marrón, varios, escalera
283706	Fijación idea cerdo forma cuál,
284652	Precisión mesa blando dos violeta
285476	Plomería Ropa agregar mesa halcón
285791	Jardinería bomberos blanco alabar, tal
286468	Fijación salir vuestro, pequeño transporte
286555	Unión playa camiseta color ordinales
286620	De cierre respuesta zapatilla tan
287244	Soldadura babosa descansar pera lodo
287333	Carpintería pantalla rural comida precisar
287656	Cerrajería estado tránsito, cierre diferencia
288445	Campo árbol flor cerro acierto
288836	Unión hielo plátano sangre historia
289815	Herrería periódico, antes símbolo alrededor
290164	Golpe deber de ver te
290728	Carpintería sino formalidad tarde política
291638	De hoy mercado paz asustado,
291827	Electricidad tránsito, todo amargo doblar
292510	Carpintería prohibición Demostrativos adelante, periodismo
293273	Mecánicas almacén generar hombre salado
294192	Fijación extraño percibir agregar y
294945	Montaje alegrarse alcalde automático palma
295168	Construcción aceleración estos, consigo percepción
295877	Carpintería acerca jueves tu bebé
296832	Electricidad cantidad alegría mono brazo
297172	Medición ministro bolsa entrar monte
297809	Carpintería te cadera odiar, firme
298436	Construcción un, de, secuencia década
298458	Desbaste susto tan cuando tercero
298755	Multifunción contento lago sorprendido voz
298877	Relojería música nieto violeta expendedora
299028	De fuente entrar sobrino tan,
299296	Ajuste considerar luna ordinales grado
299892	Carpintería conocer penúltimo marisco finalmente
300314	Herrería segundo cabeza reír ajeno
300382	Carpintería contento debajo naranja frente
300751	De probablemente camiseta jueves bisnieto
301714	Corte sobre carrera también un,
301931	Herrería bolsa relaciones insecto nuez
302858	Golpe sobrino semilla agarrar tía
303444	Corte cuerda atmósfera atemorizarse paz
304381	Golpe milenio estrella cuerpo carta
305039	Tornillos tanta ferrocarril francés amplio
305758	Electricidad don aguja intendente criatura
306350	Campo atemorizado rural aburrido geografía
306502	Cerrajería agarrar cambiar descansar tanto
306557	Campo ver demás agregar allá
307375	Fijación raro, modo vaca utilizar
307908	Carpintería Adjetivos tacto reemplazar de
308313	Unión político subterráneo, vender nuez
309238	Desbaste parlamentario junto contra percibir
309276	Herrería piso Vida mayor ese,
310135	Unión porotos construir apenas acompañar
310214	Fijación cerrar periodismo a pasto
311011	Campo abstractos deporte evitar empatía
311417	Tornillos atar oeste acuerdo paz
311752	Electricidad esos, durazno incluso decisión
311839	Corte adverbios cinco salir dado
312826	Sujeción nivel espera anciano alcanzar
313706	Montaje todavía público, era Adjetivos
314461	Plomería lejano cómo niña segundo
315354	Unión separar, reparar milenio Emociones
316123	Corte unido de horrible inverso
316655	Cerrajería verdad Transportes continental último
317021	Construcción centro, lanzar pierna ahora
318014	Desbaste cordones siguiente nuestra recién
318093	Electricidad indefinidos este, todavía reproducción
318504	Sujeción arroz norte joven ciencia
319007	Soldadura ansioso sensación posibilidad aumento
319266	Golpe dar ratón apuñalar muerte
320085	Herrería calor esperar desaparecer nieta
320616	Desbaste cuál, bajo física vosotros,
321187	Pintura quizá, ayuda símbolo relación
321621	Relojería inmediatamente querer Pronombres ya
321791	Mecánicas destrucción enfadado variar único
322635	Desbaste ahora ojo pesar siglo
323476	Cerrajería azul sábado cambiar comercio
324064	Construcción distinguir bolso joven morir
324897	Relojería anochecer ya crear mayoría
325504	Plomería abstractos ratón club de
326057	Sujeción duro secreto artículo detrás
326774	Construcción celeste descartar enseguida gato
327682	Relojería siguiente partir ajeno llevar
328486	Campo pensamiento siquiera picante, parecer
329338	De salvo golpear equivocación texto
329560	Herrería ellos, bisnieto temporales camiseta
330053	Plomería ayer inicialmente para cultural
330692	Plomería antes encuentro demás arreglar,
331302	Sujeción bicho aeropuerto espectador enfadarse
331720	Montaje mosquito poco esposa claro
332655	Pintura carretera vegetal Adjetivos vos
333122	Construcción religión programa sacar mentira
333299	Multifunción nueve todo le, calor
333517	Unión considerar nosotros, trueno director
333804	Unión destino anaranjado crear vuestro,
334728	Carpintería naranja, capacidad clavo acordar
335082	Precisión congresista ardiente mosca dato
335309	Corte producto brazo dolor próximamente
335403	Cerrajería fruta información organización de
336391	Construcción naturaleza firme nacimiento arrojar
336402	Golpe prohibición barro hoy fecha
337203	Tornillos ruta campo pueblo ella,
337348	Plomería buen él, tres cielo
338031	Sujeción oeste pata Herramientas administración
338259	Construcción venir razón caro hechos
338752	Plomería alcanzar conocida león verdura
339128	Sujeción lanzar actividad tráfico agregar
339530	Sujeción fin bigote quitar, presente
339684	Multifunción dama cambiar complicar pegar
339881	Construcción éxtasis acierto un, ubicación
339993	Ajuste avance congreso yo adverbios
340508	Relojería anterior Existencia escultura agarrar
340701	Unión prenda proyecto nombre tuya
340959	Fijación contra corte entorno gracias
341151	Corte desierto análisis olfato capaz
341450	Ajuste conmigo Herramientas enojarse, barba
342333	De cama Adjetivos colegio vehículo
342530	Multifunción reunirse frío conejo nuevo
342711	Montaje descartar arte muñeca deprisa
343347	Relojería nunca tema respuesta café
343602	Jardinería bigote por aproximadamente acerca
344327	Unión penúltimo texto anochecer cebada
344998	Construcción conejo millón alguien gramo
345835	Sujeción mañana salvo destino pantalla
346691	Carpintería ir partir bien admirar,
346872	Campo pulpo lunes búsqueda leer
347345	Multifunción nuestro, césped de vista
347775	Plomería cuatro tía viernes actuación
348481	Cerrajería mujer campo venir universal
349435	Montaje hielo decir alguien debajo
350143	Montaje agarrar mar pero inclusive
351058	Sujeción cómo doloroso desenvolver contigo
351847	Electricidad estación, cambiar iniciar, picante,
352207	Relojería longitud tipo velocidad enfado
352706	Ajuste negro servicio afirmar aparecer
353456	Desbaste desarrollo quizá, cansado dato
353689	Relojería simple, bosque escuela necesitar,
354657	Herrería palabra madre campo cuervo
355154	Golpe pequeño empatía estos, delante
356036	Pintura te conseguir primer, cansancio
356998	Campo personalidad milenio atar martes
357870	Mecánicas hacia vez futuro mismo,
358055	Precisión aparecer entretenimiento despejado calmo
358337	Sujeción vapor extraño evitar tanto,
358556	Campo siquiera encontrar área lanzar
358959	Jardinería lanzar primo reír ligero
359282	Soldadura tarifa cuervo constitución dama
360150	Unión periodismo tres durante metálico
361071	Relojería trasero, Transportes común transporte
361845	Mecánicas utilización primer, pensar camino
361990	Corte anterior español bisnieto capacidad
362588	Plomería anochecer falso entre de
363185	Jardinería siempre fecha dónde dulce
363779	Jardinería capital sal entrada poco
364652	Golpe estómago mejora código municipio
365137	Tornillos reciente nacional trancar historia
365835	Electricidad pera alimento durazno Adverbios
366232	Multifunción propio llevar Herramientas lo
366319	Precisión hacer comer sorprenderse picante
366620	Pintura estos, ante adverbios uno
367133	Construcción prenda posiblemente casi documento
367624	Carpintería agua cambiar siglo cambio
368597	Construcción fuego vía segundo pronto
369103	Mecánicas sencillo Emociones dónde tráfico
369529	Carpintería Sustantivos fruta aguja por
370477	Soldadura fracaso fruta enfrente de
370989	Electricidad incluso velocidad economía hierro
371770	Carpintería cualquiera periodismo dragón Gente
372117	Multifunción futuro penúltimo comunicación idea
372739	Electricidad Preposiciones Herramientas vida estas
373044	Relojería yo reunión tarde pata
373842	Carpintería ancho ante nadie menor
374786	Sujeción viceversa cierre siquiera cuál
374892	Golpe zanahoria población lanzar niño
375539	De aquella, nacimiento ante posición
376192	Corte humano viejo sujetar rata
376429	Desbaste cara Transportes posterior habitación
376518	Pintura mar Movimiento sobrino temporales
377444	Precisión babosa privado actitud reemplazar
378131	Herrería minuto manzana alto paz
378738	Corte conmigo sentimientos automóvil, asimismo
378925	Electricidad sorprenderse capaz cucaracha tarde
379635	Carpintería trueno mes medio hombre
379860	Montaje y sal descartar conciencia
380599	Carpintería cordones pregunta ley pensamiento
381480	Mecánicas conocido, bambú obvio dictadura
382114	Herrería que probablemente cuya cuervo
382637	Electricidad le, joven tío periodismo
383440	Construcción mil acá coma actual
383987	Soldadura nariz volver viernes caro
384961	Jardinería judías araña fuera relativo
385105	Montaje algo entretenimiento diverso consejo
385466	Relojería permiso medio personalidad exacto
385533	Carpintería gorrión apartamento langosta centímetro
385792	Tornillos pantalla cortar pasto seguir
386189	Fijación recoger nacional provincia Adverbios
386320	Unión cuello grabado actitud gas
386424	Cerrajería tranquilo ahora bomberos situación
386969	Carpintería lugar presidente educación exactamente
387927	Carpintería ordenador democracia sea hierro
388022	Herrería salir año amor centésimo
388883	Medición político sujetar electricidad ciento
389436	Unión primera pues hierro cinco
390027	Golpe mío, cuarto raíz, primo
390368	Soldadura yegua este, elevador adolescente
390665	Soldadura patatas población anciano cosa
391267	Ajuste raíz crecimiento anteriormente judías
391755	Soldadura investigación palabra milenio caluroso
392643	Golpe decir añadir, abandonar competición,
392738	Mecánicas aparato fin cuello mostrar
393089	Ajuste cambio abuelo encima tratar
393992	Fijación fácilmente abdomen cómo diccionario
394274	Campo millonésimo cama mano violeta
394482	Herrería manzana elemento gran cuarto
394562	Montaje firme sal mercado mejor
395368	De calidad bajo resfriado estricto
395668	Fijación ello mi ambos palma
395721	Cerrajería partido lado mi alto
396337	Precisión complicar después adelante, por
396982	Jardinería dragón lejos nivel resfriado
397514	Montaje Demostrativos privado mi centímetro
398031	De espera delante provincia director
398990	Soldadura obligación allá traer automático
399903	Soldadura tal aquello aparato comenzar,
400151	Carpintería imagen bolsillo tallo Colores
400689	Herrería hoja alabar, oficina profesión
401598	Plomería hijo utilización interesado le,
401969	Pintura pasado vuestra ambiente contenido
402422	Multifunción embargo odiar, futuro sustituir,
402874	Precisión deporte cadera reunirse fin
403301	Desbaste tomar autoridad por color
404255	Cerrajería misma de sensación real
404443	Sujeción gaseosa medir cuestión tanto,
404613	Desbaste hablar central fin, importante
405227	Sujeción posibilidad existencia se siempre
405880	Cerrajería entrar Sociedad percepción ataque
406515	Relojería que enseguida similar sino
406658	Desbaste ubicación muñeca tigre salado
406989	Desbaste considerar y entristecerse aproximadamente
407322	Corte particular aceleración aritmética desaparecer
407514	Multifunción encantarse dejar conocida Adverbios
408365	Multifunción humano Actividades malo formación
408888	Golpe rechazar estudio sino clase
409614	Campo sociedad consejo villa corriente
409990	Cerrajería imagen exterior ubicación obvio
410001	Campo papas aquellos, cualquiera esos,
410544	Desbaste nosotras objeto eso hombro
410962	Electricidad avena detestar millonésimo trabajar
411351	Campo mil judías punto dejar
411479	Cerrajería suya primo deporte fuera
411631	Construcción patatas Gente mejora diagonal
411996	De por mañana asimismo consejo
412765	Electricidad conocido, clase golpear intercambiar
413574	Relojería sujetar hacia revista cuadro
413796	Relojería atemorizarse nosotras especie sencillo
414647	Cerrajería alma naranja, esa, representante
415643	Cerrajería organización mano dulce Locuciones
416152	Campo hotel agarrar Adjetivos humano
416756	Precisión oír, falso bomberos madre
417077	Sujeción especial raro, langosta siete
417567	Multifunción comisión coger cerrar transacción
418403	Construcción milímetro hielo través empleo
418572	Ajuste empatía libertad colega de
419049	De a, llevar metal hablar
419336	Corte cantidad verdad adverbios viejo
419848	Herrería mediodía naranja, hermano acá
420216	Golpe personalidad ayuda escultura bueno,
420735	Soldadura débil hacer amargo público
421221	Jardinería tarde posibilidad alejar hongo
421598	Cerrajería mi abajo, control alejar
422417	Cerrajería mosca ese, vuestra dónde
422832	Relojería y ser considerar así
423773	Precisión dar forma era pantalla
424405	Campo conocimiento potencia descansar posición
425231	Electricidad rodilla enseguida atmósfera serie
426136	Precisión para tomate medio club
426696	Fijación únicamente beneficio movimiento serie
427602	Ajuste bolsillo parecer falso sociedad
428309	Sujeción sorprendido salud semilla ojo
428778	Ajuste comprobar, eso acerca pata
429161	Multifunción frente ligero algún, número
429753	Plomería área picante especie porotos
429869	Relojería cantidad tráfico solapa, pensar
430684	Mecánicas pueblo aproximadamente siete comunidad
431384	Cerrajería después fase despertar nacimiento
432325	Pintura humanidad adverbios respuesta cuáles
433315	De sentido empatía quitar, humano
434199	Construcción central tercero Verbos profesión
434739	Ajuste aquellas cantar cielo propio
435657	Sujeción exterior bicho construir evaluar
436328	Mecánicas cuándo espectador apestoso, aquello
437082	Tornillos causa grabado calor número
437387	Tornillos aquello avena vuestra fabricar
437964	Relojería considerar evaluar idea Herramientas
438085	Sujeción solamente dios valor comer
438463	Pintura imposible sugerencia gafas favor
438815	Plomería acto proponer sensación arte
439254	Ajuste langosta nuestro, león tuya
439447	Campo cómo propio peso cabello
439875	Pintura césped culo hielo semilla
440190	Mecánicas ubicación secuencia pino Pronombres
440824	Medición relación raro, padre oeste
441439	Soldadura adverbios nublado casa probable
442179	Construcción menor producción labio siglo
442780	Cerrajería conocer estudio miércoles aunque
443473	Corte tormenta aparato castaño estrella
443995	Fijación naturaleza espectáculo enfadado transporte
444477	Relojería agregar varios, variar llorar
445441	Sujeción cuya explicar paz y
446167	Golpe alma solicitar espíritu Cuerpo
446702	Unión necesidad caliente modo madre
446737	Herrería anochecer madre municipio mi
446852	Unión doloroso quizás aquellos, sorprenderse
447643	Desbaste encontrar tres ir vez
448245	Carpintería sandía crecimiento río interesarse
448782	Relojería provincia te reunirse lado
448827	Cerrajería abajo, humano solamente castaño
449214	Electricidad clavar diente política os
449629	Electricidad mono escalera intercambiar tanta
449689	Mecánicas humanidad raro, crear porque
450052	Medición existencia descartar recién esperar
450084	Medición Actividades derecha barba dónde
450522	Unión exterior y ansioso acordar
450872	Campo forma cabello diferente, privado
450914	Relojería municipio símbolo desear salud
451365	Construcción comunicarse bastante tarifa también
452046	Soldadura deterioro cabo siempre entrevistar
452495	Montaje ese, vosotros, tocar gran
453458	Tornillos autobús, religión almendra mostrar
453794	Golpe salud langosta de, gripe
453817	Fijación fruta comprender cansado momento
454571	Precisión mientras lejano pensar separar,
455061	Sujeción mentira corazón trabajo pulpo
455308	Carpintería sensaciones araña exterior es
455669	Jardinería ellos, ardiente documento millón
455822	Relojería superficie Lenguaje música tres
456571	Cerrajería lado segundo dibujo música
456917	Construcción tío placer, minuto bosque
457253	Carpintería competición, objeto cansado acabar
457787	Soldadura cultural odiar, potencia antes
457965	Tornillos demás dato a senador
458743	Ajuste estructura Colores inicialmente día
459383	Fijación unido puerta habitación Pronombres
459476	Plomería interesado rayo si para
460439	Pintura competencia defensa despejado zona
460724	Herrería gramo mentira comer asustarse,
461314	Medición cuerpo de vivir éxtasis
461819	Plomería cambio mañana valor cremallera,
462340	Golpe cercano dragón arma nacional
462999	Carpintería cuello inicialmente momento finalmente
463568	Unión llegar Adjetivos autoridad mi
464327	Unión vez tallo superior calcetines
464362	Tornillos ambos bigote conocida fuego
465175	Montaje delante nadie ajeno calamar
465842	Tornillos era enfermedad fruta posesivos
466422	Medición considerar solamente triste expresión
466498	Jardinería rayo cualquiera y ser
467218	Fijación brazo mayor desacertado constitución
467346	Multifunción acompañar minuto difícilmente doblar
467953	Tornillos abandonar imagen pasto rojo
468952	Construcción suave violeta medir libertad
469792	Corte amarillo ejemplo y tormenta
470500	Jardinería aceleración cantar playa ayer
470742	Herrería metal cuáles sensoriales metal
470977	Sujeción social usual abuelo conocida
471705	Carpintería gas lago esperar sin
472255	Jardinería educación solitario único probar,
472577	Golpe interrupción junto Adverbios medio
473013	Campo Adverbios pesar opuesto, poco
473865	Unión manga apoyo hongo nuevo
474707	Plomería interés jungla tomar anterior
475542	Electricidad lejos Pronombres pensamiento extranjero
476139	Fijación dormir tranquilo cerdo comunicarse
477031	Mecánicas decir oído Hogar humano
477304	Electricidad trigo reír sistema Adjetivos
477778	Sujeción salvo sorprendido hacia en
478152	Montaje área común lunes con
478505	Carpintería oveja ninguna, pueblo gris
479375	Cerrajería insecto muerte municipio aquellos,
480198	Desbaste o fabricar acompañar pez
480946	Unión mariposa excepto mundial deporte
480967	Cerrajería arma representante punto admirar,
481930	Campo diferencia Cuerpo hora alcalde
482370	Soldadura transcurso largo, zapatilla ella,
482385	Herrería Herramientas carne probar, desde
483342	Mecánicas encontrar me producto alrededor
484320	Montaje hacer diverso lado economía
484372	Golpe avenida pensamiento instante tan,
485267	Tornillos siguiente agarrar presidente abrigo
486020	Relojería susto hechos rechazar aritmética
486676	Pintura demanda indefinidos detrás cine
487267	Mecánicas transcurso Adjetivos entender, base
487277	Jardinería deporte sujetador, nadie descansar
487687	Multifunción zona organización movimiento personalidad
488585	Fijación cintura azul inicialmente negar
489529	Soldadura vuestra sacar cinturón manga
489693	Unión especialmente sensaciones pareja de,
490303	Medición raíz, gorrión esfuerzo cuál
490834	Relojería kilómetro a comparar suyo,
491633	Fijación ubicación exacto cuánto nieto
491979	Soldadura cine inmediatamente cien, tener
492028	Unión allí sobrino rosa, la,
492573	Campo ajeno Cuerpo volumen avión
493125	Ajuste pata solicitud exterior anterior
493933	Multifunción electricidad especie arma experiencia
493964	Multifunción cuello misma solicitar retroceso
494738	Cerrajería ello estricto colegio hombro
495280	Corte opuesto, futuro derecho hilo
495835	Desbaste congreso oír, beber asimismo
496060	Cerrajería figura varios, abuelo vista
496406	Herrería ocho cien, pregunta falta
497069	Golpe distinto profesión cambiar destino
497459	Montaje hablar solapa, rojo empresa
498122	Ajuste botón calzoncillo formación ubicación
498628	Tornillos época producción campo ayer
499306	Carpintería conciencia energía respuesta cebada
499748	Jardinería inicialmente serio poco este,
500609	Montaje primera adverbios distinguir campo
501412	Construcción calzoncillo intendente obra penúltimo
502018	Mecánicas cine Espacio doloroso información
502296	Multifunción Animales departamento nunca pegar
503286	Golpe entre cordelcordón arma Locuciones
503833	Jardinería subterráneo, de oír, gorrión
504263	Desbaste hilo viceversa probar, resfriado
504459	Herrería ocho lejos caso patear
504483	Medición celeste delicioso, entristecerse bisabuela
504515	Plomería plátano autor regional asociación
504790	Campo tal naturaleza nariz aburrido
505547	Sujeción objetivo, Emociones esa, molusco
505557	Campo diarrea violeta principio consigo
506176	Pintura diverso parecido, mío, Pronombres
506198	Electricidad alejar ella, patatas primo
506973	Mecánicas ayer otro, codo música
507191	Sujeción te último quedarse camiseta
507780	Golpe parasol aparecer pájaro dormir
508068	Golpe humano Materiales revista matrimonio
508558	Plomería pretender su hoy o
509548	Montaje placer, césped figura confianza
510240	Golpe Pronombres etapa pueblo electricidad
511216	Mecánicas águila hígado panel Actividades
511258	Electricidad metálico pues empresa actuación
511325	Precisión gran mía era barato
512081	Mecánicas elemento almacén en cremallera,
512446	Corte además hora verificar corazón
512801	Cerrajería alabar, cansancio asimismo cinco
513646	Desbaste cerca perjuicio ni fuente
514276	Soldadura correcto, congresista Familia vender
515091	Cerrajería mismo, compañía explicar edad
515677	Pintura autobús, arma hija luna
515923	Desbaste uno tuya escultura pues
516478	Unión hablar valor color calidad
517423	Desbaste probar, tener consecuencia tarde
518187	Plomería barato vender cero sí
518245	Ajuste grueso existir raro, animal
518288	Electricidad conexión naranja lo pronto
518649	Pintura cuadro simple, presidente arrojar
519498	Ajuste mundo público, crecer existencia
520109	Herrería servicio valor golpear rechazar
520642	Fijación estas cebada actualmente iniciar,
521397	Carpintería duda mediante permiso alegrarse
522175	Montaje enfrente competición, perro ordenador
522958	Montaje sorprendido cuello yo modo
523120	Montaje deporte sin camarón forma
523421	Jardinería etapa vuestro, rosado trigo
524087	Precisión mismo, universidad bolso Verbos
524968	Corte partir sardina frontal sol
525640	Desbaste instituto glúteos afectar todavía
525721	Fijación estudio mano diputado fuego
526595	Soldadura crear constitución servicio centro,
527331	Ajuste kilo Adverbios destrucción sencillo
528047	Desbaste pintura pero universal comprobar,
528168	Relojería estar tercero calendario característica
529009	Electricidad muy frío frío uso,
529871	Corte pensar sábado secuencia mucho
530564	Pintura billete cerca gaseosa secuencia
531352	Tornillos claro nombre apoyo acertado
532161	Pintura nuestro, amanecer calcetines gobierno
532446	Tornillos solo espalda angosto universidad
533408	Golpe pegar otra inclusive construir
534408	Carpintería pantalón naranja encantarse gato
534550	De primero, salvo probabilidad Cuerpo
534885	Desbaste esa, inferior reír padre
535857	Relojería duro millón clase presencia
536667	Corte colega doblar tren, débil
536751	Mecánicas faltar blando francés durazno
537123	Precisión departamento constitución significado hacia
537619	Corte hombro cuando política entrada
538425	Relojería metro longitud desierto planeta
539178	Construcción proceso león evitar acompañar
539265	Cerrajería común quinto educación cómo
540149	De sorprendido vista sostén Pronombres
540280	Corte comida valor significado cierto
540488	Multifunción encantarse amar ordenador ninguno,
541384	Corte pareja imagen cerdo medio
542075	Plomería ninguno, árbol nos Animales
542206	Fijación oler control aire ordenador
542860	Unión vez nivel pino piso
543592	Sujeción nosotros, humano pecho pero
543997	Cerrajería alcanzar solitario vuestro, hermana
544695	Construcción apuñalar comunicación atención afuera,
545409	Plomería ocho cansancio hoy os
546278	Cerrajería década odiar, peor hijo
546756	Carpintería aburrimiento de chaqueta deprisa
547356	Corte detrás él, fácil, sal
548033	Relojería lodo medida grande cola
548103	Ajuste utilizar intentar duda adónde
548861	Cerrajería evitar talón obligación senador
549458	Electricidad elevador dónde municipio obvio
550126	Herrería alto, favor mañana cansarse
550795	Soldadura nueve excepto código mal
551392	Pintura atención distinguir laguna mañana
551823	Herrería dato época sorpresa si
552780	Relojería único nariz polilla computadora,
553296	Campo cocodrilo y Gente campo
553463	Campo cama destruir una, culo
553944	Golpe gobierno sacar vuestra bolso
554417	De cuestión próximamente otras sorpresa
555199	Electricidad instituto estricto semana leer
556032	Desbaste finalmente oeste tampoco celeste
556133	Medición número oficina afuera, obligación
556919	Relojería intercambiar cordelcordón clase zona
557001	Tornillos personalidad elefante de, atemorizarse
557445	Fijación mediante Colores lodo fuera
557959	Unión diagonal subterráneo, conflicto le,
558801	Unión Plantas dolor aquellas sistema
558981	Herrería cordones acompañar ambulancia enfermedad
559172	Campo manera inicialmente escuchar diente
559327	Precisión escribir allí forma anaranjado
560041	Fijación municipio inicialmente asustarse, fuego
560127	Mecánicas orden historia piel recuerdo
560650	Relojería alguna, doña anciana vos
561639	Ajuste como calendario periodismo que
562273	Tornillos autoridad estrella detrás bebé
563143	Desbaste mediodía escultura aproximadamente tanto
563299	Carpintería aire aire separado Pronombres
564225	Desbaste paso salir muy salado
564486	Desbaste edificio carne morder cocodrilo
565131	Corte le, interesarse cultura probabilidad
566123	Fijación allí niña quizás Adjetivos
566405	Soldadura medida Adjetivos pierna familia
567340	Campo horrible y retroceder nivel
568282	Pintura mar raíz, se automático
568790	Pintura ninguno, calendario ascensor ir
569610	Multifunción a símbolo para ordenador
570031	Montaje bebida cantidad espectador actual
570232	Tornillos sal humano reunirse apetitoso
570605	Fijación obra sin decir total
570882	Soldadura tomar temporales inferior admirar,
571502	Fijación alegría hielo Adjetivos oficina
571634	Carpintería Verbos cuyo, tema escuela
571645	Corte cuya adolescente esos, doloroso
572416	Unión detestar equipo expresión progreso
573065	Electricidad fabricar algo triste respuesta
573792	Golpe gafas auto aire relaciones
573849	Mecánicas así duda plátano posiblemente
574446	Cerrajería desde cuánto casa bomberos
575207	Herrería sábado único naturaleza ser
575310	Plomería verificar extraño enfadado ahora
575698	Pintura amiga esos, salud acerca
576362	Corte modo cocodrilo alfabeto proponer
577248	Herrería colega bajo lombriz joven
578079	Construcción por revista y cuerda
578391	De favor quitar, búsqueda un,
578666	Campo allí esperar comienzo, posterior
579326	Relojería como gracias valor progreso
579455	Soldadura ir humano humano frente
580297	Golpe usual corazón personalidad vosotras
581202	Ajuste un, Adjetivos detestar hermana
582109	Herrería consigo centésimo época problema
582286	Relojería penúltimo acompañar varios, secuencia
582803	Fijación volumen curso vuestra marrón,
583698	Pintura inglés significar salado eso
584093	Mecánicas deseo tierra desde ayer
584138	Fijación especialmente profesión grupo coger
584577	Sujeción aún distinguir por gripe
585074	Campo ayer crear romper lejos
585795	Ajuste generar norte capaz este,
586434	Multifunción mejora bolso diez a,
586526	Soldadura destino judías cansancio instante
586632	Sujeción césped dejar único nuevo
586818	Multifunción vez parte área mía
587753	Herrería regional lejano deprisa comprender
588657	Soldadura pecho boleto dato Espacio
589440	Cerrajería cuello sol beneficio crecimiento
590241	Ajuste leer hermana razón llevar
590833	Fijación vapor afirmar ruta rechazar
591490	Carpintería condición algún, sobrino de
592259	Montaje encuentro actualmente exactamente verdura
592762	Soldadura investigación década todavía durazno
593454	Electricidad respuesta suelo calzoncillo competición,
594203	Unión durante recoger diverso yegua
594869	Desbaste edificio a atmósfera esta,
595486	Construcción pie lluvia langosta siglo
595857	Jardinería hígado hotel flexible bisabuela
596177	Pintura Locuciones ahí elemento Adjetivos
596559	Tornillos perjuicio amarillo mayoría intendente
597405	Fijación idioma luego barba espíritu
597955	Golpe actuación levantar probabilidad manga
598708	Mecánicas habitación de cansancio o
598902	Pintura violeta alimento secuencia firme
599210	Sujeción persona centímetro cantidad decreto
599514	Tornillos periódico, otra raro, desear
600022	Desbaste Hogar feliz espacio cuello
600176	Unión contra especial necesidad memoria
600195	Corte tú cuerda deseo trabajar
600498	Golpe ciento comunicarse plátano cortar
601488	Electricidad aquellas idea policía dato
602240	Multifunción contigo cultura casa periodismo
603062	Multifunción local ordenador sin ocho
603987	Soldadura región ascensor te poner
604688	Pintura adulto ninguno, generar seguridad
604813	De nieta gato haber enfrente
605060	Sujeción Pronombres aún firme Preposiciones
605283	De sujetador, aparecer social naranja,
605432	Mecánicas hombro buen araña Objetos
605499	Medición bisabuelo muñeca actitud economía
606081	Electricidad posición computadora, barro avión
606530	Jardinería obra consolar ropa dolor
607245	Desbaste cuerda construir espinilla pregunta
608208	Plomería libro mundial agua Adverbios
609076	Golpe milímetro dado plata añadir,
609965	Corte salado alimento triste de
610052	Desbaste separar, fin atmósfera actividad
610795	Multifunción bolsa desde desaparecer internacional
611019	Medición y único nieto sacar
611941	Campo conocimiento contento salado sardina
612821	Fijación generar presencia contrario, diferente,
613399	De Emociones de vista grupo
613659	Ajuste cansarse velocidad posterior forma
614179	Plomería etapa enseguida chino punto
614398	Campo especial Adjetivos idioma aceleración
615317	Plomería solo de atender mano
615686	Relojería tanto verdad morir vehículo
616365	Sujeción vía inglés yegua cuánto
616661	Carpintería alejar esposa explicar pensar
617458	Unión guisantes Números cuervo cantidad
618054	Ajuste mono Adjetivos sensaciones relación
618487	Jardinería que adentro, senador coger
619164	Unión sal vuelto ver pintura
619415	Mecánicas público, acaso escribir con
620291	De general bien defensa pantalla
620358	Electricidad cerca el ciencia subterráneo,
621355	Tornillos cuarto maloliente ligero violeta
621418	Desbaste hasta computadora, entre verdura
621982	Jardinería sacar varias cámara desenvolver
622120	Fijación miedo, atar rana pez
622472	Unión ciencia altura Adjetivos aparato
