1250610	Calle  Rowan deep Edena	whenSutton	service fish the these	1
1250624	Calle  Ezekiel building Anastasia	billAylin	this choice news move	0
1250638	Coronel  Ryder sometimes Nova	happyAmber	war east side almost	1
1250652	Coronel  Adrian Congress Tatun	amongMargaret	claim key environment exist	1
1250666	Coronel  Tyson lose Ryann	streetSophia	prevent say month science	1
1250680	Jr.  Gael seven Mia	buildHarley	any represent how president	1
1250694	Coronel  Calvin score Mia	nameCeleste	room how sport maintain	1
1250708	Coronel  Sean important Teagan	availableMaddison	realize professional kid member	0
1250722	Urbanización  Jaden why Paris	strategyJune	only minute private full	0
1250736	Urbanización  Weston peace Fiona	overJayla	effort put product either	0
1250750	Coronel  Tristan right Brynn	windowAdelyn	last respond simply event	0
1250764	Urbanización  Angelo election Ruby	entireHaley	four let make case	0
1250778	Calle  Israel young Lilliana	whenAnnie	everybody soon movement require	1
1250792	Calle  Jude often Kamryn	hisCamryn	arrive including imagine final	1
1250806	Urbanización  Rhys report Penelope	experienceRivern	magazine image and short	0
1250820	Urbanización  Ismael say Millie	productChloe	evening address quality material	0
1250834	Av.  Forrest notice Makayla	wayEverleigh	manager appear along strong	1
1250848	Av.  Timothy front Teagan	wonderEmmy	play mention sometimes shot	0
1250862	Av.  Abram truth Aaliyah	townCharlee	yet but along paper	0
1250876	Av.  Preston charge Sophia	mediaEverlee	within assume including doctor	1
1250890	Coronel  Adriel resource Georgia	wallReese	imagine including very structure	0
1250904	Urbanización  Carson edge Charlee	figureNatalie	come change military collection	1
1250918	Calle  Erick theory Eva	cityAriah	weapon myself win magazine	1
1250932	Coronel  Spencer skin Kendall	oldAlexandra	several activity yourself become	1
1250946	Av.  Timothy purpose Everleigh	yourLondyn	follow people season lead	1
1250960	Av.  Timothy story Hope	onlyMaya	million let that million	0
1250974	Jr.  Jonas from Oakly	norIvy	yes think provide why	1
1250988	Urbanización  Mason report Ana	relateAmaya	senior watch bring come	1
1251002	Jr.  Thiago education Mya	forwardAverie	pick hand different forward	0
1251016	Urbanización  Eduardo door Sydney	usuallyBriella	out today hotel shoulder	0
1251030	Coronel  Lucas dark Harlow	friendIvy	option successful president yet	0
1251044	Coronel  Chase these Faith	childBriella	general room kill stage	0
1251058	Jr.  Travis might Alexina	hourSophie	common morning senior notice	1
1251072	Calle  Bryson around Autumn	modelElise	of role item maybe	0
1251086	Av.  Jonas represent Kaitlyn	uponMiracle	until support example evening	0
1251100	Av.  Winston source Finly	breakHarmony	natural build blue sound	1
1251114	Urbanización  Kyson to Camilla	processYaretzi	half move type training	1
1251128	Calle  Beau may Molly	levelBlair	behavior on parent from	0
1251142	Jr.  Ethan especially Isla	otherGracelynn	choose staff question these	0
1251156	Coronel  Andres century Amira	theLeila	after everybody include commercial	0
1251170	Av.  Shawn effort Mya	challengeAngelean	once party director staff	0
1251184	Av.  Ryker bank Aubree	personalHelena	crime treat high hold	0
1251198	Jr.  Gabriel bit Alivia	thereSaylor	recent standard current yard	1
1251212	Coronel  Timothy ago Rose	groundSophia	husband who baby board	0
1251226	Coronel  Bennett but Samara	ifIsabel	language keep forward himself	1
1251240	Av.  Bradley offer Emory	senseGracelyn	phone raise toward suggest	0
1251254	Av.  Alexander other Stella	technologyDelaney	both until choice themselves	0
1251268	Jr.  Jaylen become Evie	minuteReign	along reduce wide bar	1
1251282	Coronel  Santino edge Alaya	natureLillian	wife doctor pay find	1
1251296	Av.  Mathias part Brooklyn	especiallyBrynlee	moment wrong maintain religious	0
1251310	Coronel  Franklin partner Evelynn	theseHarmony	ball pass no play	0
1251324	Coronel  Lukas evidence Amara	useJosie	yes blue front sell	0
1251338	Jr.  Rylan ground Genevieve	downCora	moment what condition especially	1
1251352	Coronel  Cooper parent Remi	sufferElle	add myself material area	0
1251366	Jr.  Lane commercial Serena	behindStella	stuff that college physical	1
1251380	Calle  Jayceon former Sawyern	majorityKendall	build increase decide near	0
1251394	Av.  Rafael hold Bella	fastGenesis	number whether offer true	1
1251408	Urbanización  Russell old Hayde	increaseMatilda	keep compare foreign former	0
1251422	Urbanización  Jay have Raelyn	thoseRoyalty	program her program total	0
1251436	Av.  Leonel benefit Cassidy	regionGabriela	point lead outside race	1
1251450	Coronel  Garrett consider Braelynn	nationalNora	close special scene increase	1
1251464	Coronel  Atlas official Lyla	nationLilah	report entire describe employee	1
1251478	Coronel  Noel position Tessa	myBianca	college come write violence	0
1251492	Urbanización  Judah coach Fernanda	chooseJosephine	understand buy tough resource	0
1251506	Jr.  Jose on Reign	governmentJenna	late patient discover outside	1
1251520	Calle  Malik friend Amaru	westernLainey	campaign firm weight artist	0
1251534	Coronel  Kyler win Vera	betweenScarlet	four pattern perhaps today	0
1251548	Av.  Dante your Blair	continueMelanie	explain senior mention make	1
1251562	Urbanización  Preston bit Arielle	perhapsHelena	come bit there officer	1
1251576	Av.  Princeton pay Talia	pieceBlakee	generation you unit provide	0
1251590	Av.  Jaden artist Aylin	democraticVictoria	ten hang bank partner	0
1251604	Jr.  William agency Sloane	dataMakayla	line fast enough decision	1
1251618	Av.  Andrew ahead Mariana	cityGracelynn	place establish now low	0
1251632	Av.  Gideon least Jordyn	nationalKali	simple century edge develop	1
1251646	Urbanización  David million Cataleya	knowZoey	them leg business best	0
1251660	Calle  Braxton individual Tatun	bodyOlive	animal of skin everyone	0
1251674	Jr.  Thomas them Carmen	senseMeadow	wrong majority eight light	1
1251688	Urbanización  Jaxson record Sophie	openLyric	relate the Republican science	0
1251702	Av.  Luka here Amora	wonderJosie	heart past source oh	0
1251716	Coronel  Alan thought Alexandria	knowledgeEmely	allow strong sure pay	0
1251730	Jr.  Matias you Catherine	chooseZoe	this none special toward	1
1251744	Av.  Kayson on Ryann	noteAdeline	leg administration large not	1
1251758	Calle  Thiago quickly Teagan	thatAyla	strategy value material perhaps	1
1251772	Calle  Miles cover Joanna	artistEvie	agent out while meeting	0
1251786	Calle  Bryan main Luciana	toughHannah	ability factor herself former	1
1251800	Coronel  Maverick central Cheyenne	studentTalia	catch myself successful specific	1
1251814	Jr.  Maddox still Morgan	perRylee	how style impact stuff	0
1251828	Av.  Jesus these Alexandra	oilYaretzi	character really our police	1
1251842	Coronel  Cayden usually Natalia	centerSadie	period weight old line	1
1251856	Calle  Jayceon appear Esther	perhapsMaddison	show prepare hard feeling	1
1251870	Coronel  Jensen home Nia	democraticSamantha	sexual just all old	1
1251884	Av.  Kingston style Alice	teacherKelsey	boy between dog condition	0
1251898	Coronel  Trevor war Aubrey	industryLaila	product against dead American	1
1251912	Av.  Trevor two Katie	getJacqueline	let his discover show	1
1251926	Urbanización  Iker task Maeve	particularlyGracie	official dead nor leader	1
1251940	Jr.  Declan wrong Kennedy	weekPenelope	myself relationship morning machine	0
1251954	Urbanización  Legend his Macie	giveLondon	democratic concern difficult decide	0
1251968	Coronel  Carson agent Faith	aloneAlice	medical force modern wind	0
1251982	Coronel  Porter police Everly	girlDaniella	every year general eight	0
1251996	Urbanización  Tobias meet Harper	requireCali	authority every near number	1
1252010	Urbanización  Simon address Elliotta	modelMeadow	staff direction dead employee	1
1252024	Calle  Marco speech Ariella	whereKali	thought return section person	0
1252038	Av.  Hector forget Julia	laterAubree	wrong fire offer security	1
1252052	Jr.  Jude represent Catalina	soundEvelyn	about suddenly carry shoulder	1
1252066	Calle  Kade experience Kinley	joinKathryn	receive their popular one	0
1252080	Calle  Damian big Hazel	benefitCarmen	summer contain behavior movement	1
1252094	Av.  Mathias big Amelia	loseSara	board tough most worker	0
1252108	Urbanización  Pablo strong Ava	recentlyReming	love necessary across pattern	0
1252122	Av.  Kevin his Kali	challengePiper	best American score pay	0
1252136	Av.  Cade music Makenzie	riseLuciana	seven home his game	1
1252150	Coronel  Cyrus wife Valerie	successfulEmma	race agent age one	1
1252164	Av.  Messiah democratic Athena	answerAdalynn	hospital role dog none	0
1252178	Coronel  Roman country Kehlani	happyParis	carry participant meeting shoot	1
1252192	Urbanización  Mario that Stella	wrongElliotta	sure somebody voice present	0
1252206	Calle  Jayden red Luna	fourStella	in fish white happy	0
1252220	Urbanización  Nolan current Bailey	upAnastasia	officer likely he cause	1
1252234	Jr.  Jaiden force Tatun	whyAlana	likely town truth decide	1
1252248	Calle  Louis room Ryann	pullOlive	foreign effort Republican response	1
1252262	Calle  Matias all Lyric	artPaisley	write most college thank	0
1252276	Calle  Iker newspaper Alayah	learnPhoebe	manager letter wide under	0
1252290	Urbanización  Isaias pull Maya	televisionEverleigh	or cost form successful	0
1252304	Coronel  Raymond student Sawyern	describeDestiny	prevent add book let	0
1252318	Coronel  Oliver nature Alison	boardLilly	interest difference black official	0
1252332	Av.  Hayes take Gabriela	numberMyla	could physical fund along	0
1252346	Calle  Bryan kind Hazel	collectionJenna	page fact but disease	0
1252360	Jr.  Waylon animal Daniella	returnMorgan	charge season yeah candidate	0
1252374	Calle  Milan property Esther	worryIsabelle	certain bar account toward	1
1252388	Coronel  Apollo she Zoe	nearNatalia	too perhaps friend serious	0
1252402	Coronel  David three Angelean	federalAurora	kind reduce mean ball	1
1252416	Av.  Ryker successful Ella	sportHaven	above allow write strong	1
1252430	Jr.  Dax particular Cali	sitEverly	first interesting method die	0
1252444	Av.  Dakota if Elle	alwaysOlivia	sure family old situation	1
1252458	Urbanización  Dallas weight Sophie	threatEmily	study bank word truth	1
1252472	Coronel  Devin last Mia	mouthMakenna	number follow song provide	1
1252486	Jr.  Uriel point Haley	eitherTrinity	move shoulder national turn	0
1252500	Coronel  Royal red Serena	shouldXimena	property blood new information	1
1252514	Av.  Baker also Amy	alsoKathryn	weapon image leave third	0
1252528	Calle  Malachi fill Luciana	teacherEmmy	focus Congress begin painting	1
1252542	Coronel  Isaac discussion Emory	budgetGenesis	end think already behind	0
1252556	Calle  Dax east Norah	healthJosephine	ahead tell me shot	0
1252570	Urbanización  Uriel affect Paige	deadMarlee	ready affect run adult	1
1252584	Av.  Dante four Jacqueline	memberGabriela	off throughout enjoy professional	0
1252598	Calle  Jensen violence Alexandria	saveKatie	television above city main	0
1252612	Coronel  Louis gas Samantha	aboutLaura	position add arrive throughout	0
1252626	Av.  Noah policy Adriana	nationalSamantha	already baby key everybody	1
1252640	Urbanización  Maddox crime Paige	staffBrynn	red send practice street	0
1252654	Av.  Weston financial Lola	teacherSamantha	him when provide girl	1
1252668	Calle  Kamari end Sofia	conferenceAdelyn	kid but early religious	1
1252682	Coronel  Kamari organization Sarah	proveDanielle	stage type natural place	0
1252696	Coronel  Simon easy Catherine	amongKaitlyn	police low ten water	0
1252710	Coronel  Kamari what Allison	accordingElisa	so despite across shoulder	0
1252724	Calle  Samuel expert Bianca	overGabriela	available legal avoid center	0
1252738	Jr.  Sage appear Tessa	fromViviana	at speech away arrive	0
1252752	Jr.  Mohamed talk Haven	niceKeira	risk color back and	0
1252766	Calle  Juan series Veronica	deathDestiny	near me dog direction	1
1252780	Urbanización  Caden office Hazel	increaseGeorgia	pass foot off woman	1
1252794	Coronel  Lincoln act Emmy	opportunityValeria	happen whether loss as	1
1252808	Urbanización  Memphis any Norah	painSabrina	car I community foot	0
1252822	Jr.  Bentley space Vanessa	husbandGeorgia	drop various list thus	0
1252836	Av.  Jaylen wife Yaretzi	someoneSawyern	push land address form	1
1252850	Calle  Derrick rate Harper	newsKeira	patient disease make shot	0
1252864	Calle  Gideon green Mya	todayEmmy	political any people series	1
1252878	Coronel  Israel carry Kaitlyn	offLiana	guess air consider language	1
1252892	Calle  Xander different Allie	armHallie	love huge check decide	0
1252906	Coronel  Edward fall Annabelle	investmentLyric	couple law either chair	1
1252920	Urbanización  Braxton always Esme	detailLauren	force debate store position	1
1252934	Av.  Zane value Mackenzie	reasonGenevieve	more doctor throw billion	1
1252948	Calle  Landen record Shelby	lawyerAnna	population office develop matter	1
1252962	Coronel  Devin blue Brooklynn	pastGenevieve	data stop race party	0
1252976	Urbanización  Ibrahim film Emersan	naturalTeagan	sport enough pressure choice	0
1252990	Urbanización  Ruben their Arielle	defenseGia	per gun offer stock	1
1253004	Av.  Baker serve Dakotta	raiseNaomi	customer election physical market	0
1253018	Urbanización  Kairo save Kamila	motherDahlia	community any responsibility figure	0
1253032	Coronel  William few Amina	reachPhynix	sense line piece charge	1
1253046	Urbanización  Jeremy mind Chloe	kindEmber	religious else loss letter	0
1253060	Urbanización  Lucas would Hadley	trueClara	cover cover adult pay	1
1253074	Jr.  Kashton level Delaney	radioMabel	now walk left camera	1
1253088	Jr.  Leland national Aylin	lowLiana	rock race lot care	1
1253102	Urbanización  Benjamin laugh Cora	lookSelah	take guy certainly describe	1
1253116	Av.  Roberto individual Emmy	enoughLennon	course think forward wonder	0
1253130	Calle  Caden victim Angelina	decadeHarmony	pressure two house fact	1
1253144	Calle  Frederick answer Hallie	hotMckenna	pull necessary section a	1
1253158	Urbanización  Khalil total Avianna	hisSadie	pass few back example	0
1253172	Jr.  Brady whom Winter	dogMaddison	enough create suggest final	1
1253186	Coronel  Ace single Samantha	worryFernanda	game stay discover personal	0
1253200	Coronel  Matias effort Kenzie	moneyAlice	whether law new strategy	1
1253214	Coronel  Karter nothing Emersan	lateAnnalise	reach dark long lose	1
1253228	Coronel  Sullivan outside Adelyn	personScarlett	once yeah provide patient	1
1253242	Calle  Edward thank Emely	currentZariah	special girl size skill	0
1253256	Av.  Milan here Valeria	capitalDahlia	oh return land choose	1
1253270	Calle  Philip smile Adelaide	seekEsme	follow all hundred light	1
1253284	Av.  Michael provide Jacqueline	beAverie	range think machine someone	0
1253298	Av.  Landon share Blakely	knowAriana	significant campaign body know	1
1253312	Calle  August avoid Katherine	kindElianna	to soon poor event	0
1253326	Av.  Raymond month Jordana	pieceBrianna	for phone send victim	0
1253340	Coronel  Princeton whose Isla	everGracie	die computer must suggest	0
1253354	Jr.  Dax know Sophia	activityClaire	us increase available any	1
1253368	Av.  Evan institution Emery	lateBriella	purpose should right different	1
1253382	Jr.  Holden tonight Serenity	somebodyElsie	short someone for sexual	0
1253396	Urbanización  Ibrahim appear Emory	againstValerie	physical weight bit sort	1
1253410	Av.  George west Evie	worryClaire	probably green attention do	0
1253424	Jr.  Jose under Nora	receiveElla	reason lot statement exist	0
1253438	Av.  James amount Hattie	outAmiyah	human knowledge save art	0
1253452	Jr.  Matteo social Samara	poorParkern	degree partner place seem	0
1253466	Av.  Dax often Kali	fineNia	death agreement trial political	1
1253480	Calle  Jacob happy Cassidy	niceAnnalise	build question hold something	0
1253494	Av.  Pierce dog Alaina	especiallyHarley	scientist oil expect letter	0
1253508	Jr.  Israel economy Audrey	sortMaeve	stock apply peace computer	0
1253522	Jr.  Princeton rich Liliana	teacherEliana	truth issue plant street	1
1253536	Urbanización  Pierce no Alexa	knowledgeCallie	area much nature raise	1
1253550	Calle  Andre school Adalyn	wholeAriella	beautiful young long break	1
1253564	Av.  Leonel responsibility Demi	thusRoyalty	treatment list all kill	0
1253578	Jr.  Baker body Kensley	safeNayeli	daughter shoot ok perhaps	1
1253592	Jr.  Philip operation Sloane	nightDaniela	dog at despite difference	1
1253606	Av.  Jaiden beautiful Delilah	deathRebecca	four top model person	0
1253620	Calle  Jaylen treat Kate	lookHope	science rate south real	0
1253634	Calle  Giovanni reduce Fernanda	traditionalAlina	look use account thought	0
1253648	Av.  Beckham run Kylie	usuallyRenata	newspaper professional either at	1
1253662	Jr.  Malachi throw Jade	togetherJosie	notice work center worry	1
1253676	Av.  Franklin they Rebecca	aQuinne	tend idea picture tonight	0
1253690	Calle  Troy perhaps Payton	clearCamilla	college name model more	0
1253704	Jr.  Kenneth focus Alaya	itsPalmer	try send purpose admit	0
1253718	Av.  Hank hour Mariah	participantDemi	away property section use	1
1253732	Urbanización  Barrett work Brielle	involveJolene	company enjoy become anyone	1
1253746	Calle  Ivan few Veronica	aPenelope	son hot road information	0
1253760	Coronel  Wyatt property Autumn	bestMolly	period vote team discussion	0
1253774	Calle  Wilder situation Payton	createNina	police red trial lose	1
1253788	Coronel  David teacher Kinsley	whoArabella	could available ready score	0
1253802	Urbanización  Jorge baby Adeline	oilDylana	past test table language	0
1253816	Calle  Jaylen worker Alison	makeRivern	attention everyone laugh organization	0
1253830	Calle  Damien against Maisie	whoKaylani	note someone practice easy	0
1253844	Coronel  Santiago protect Raelyn	courseJacqueline	only ground dinner including	1
1253858	Av.  Ronan period Lyric	lieDaleyza	all quality later expert	1
1253872	Jr.  Royal so Kelsey	ofLondyn	lay art violence sell	1
1253886	Urbanización  Ethan our Kehlani	fightHelena	vote national together less	0
1253900	Av.  Shawn policy Reagan	identifyMagnolia	out section car something	0
1253914	Jr.  Aaron report Malia	speakMary	almost everything cultural those	1
1253928	Jr.  Enrique wife Genesis	subjectAurora	ground do old weapon	0
1253942	Calle  Zachary become Scarlett	meetVeronica	new thank animal want	0
1253956	Jr.  Victor between Shelby	centralNatalie	bag card head picture	1
1253970	Urbanización  Jesse specific Braelynn	goodJayla	leader food take heat	1
1253984	Jr.  Malachi attorney Payton	ifAndrea	wide song particularly five	1
1253998	Urbanización  George food Wynter	sometimesAriel	raise death finally treat	1
1254012	Coronel  Zachary safe Kayla	shotAubrey	attack keep discuss happy	0
1254026	Coronel  Dominick minute Delaney	orderNova	major create local note	0
1254040	Urbanización  Isaiah perhaps Eliana	impactLeighton	manager even pass word	1
1254054	Av.  Ivan education Adelaide	significantAriyah	artist voice late test	0
1254068	Av.  Ricardo vote Charleigh	storyLeighton	music writer deep various	1
1254082	Av.  Hunter six Aaliyah	lawyerHannah	free sense consider away	0
1254096	Urbanización  Omari show Lucia	togetherNina	character believe wrong per	1
1254110	Jr.  Legend world Charleigh	wayMatilda	everybody exactly spend meeting	1
1254124	Urbanización  Dominick reduce Isabel	enjoyMiranda	structure network pay section	0
1254138	Av.  Eli site Brooklynn	strategyBianca	person something establish throw	1
1254152	Av.  Eric describe Octavia	dogCataleya	show Mr hotel letter	0
1254166	Jr.  Nico glass Milani	houseLilliana	travel hard process public	1
1254180	Coronel  Jayden follow Brooklynn	whatCassidy	throughout teacher threat near	1
1254194	Av.  Colin style Teagan	rightMckenna	leg source though baby	1
1254208	Urbanización  Atticus product Lennon	directionLondon	market result house dog	1
1254222	Av.  Cayden high Harper	identifyHaven	avoid hard hear a	1
1254236	Urbanización  Louis pull Payton	youViolet	thing other against building	0
1254250	Urbanización  Avery including Zoe	paintingEmely	else argue ground position	0
1254264	Jr.  Mason home Ruth	whenCollins	of financial win me	0
1254278	Calle  Omari instead Anastasia	motherMaci	this seem my Democrat	1
1254292	Jr.  Ezequiel then Eve	avoidPenelope	possible training partner reduce	1
1254306	Jr.  Adrian crime Joy	goodDaphne	other think each occur	0
1254320	Calle  Brayden alone Alexa	addressLorelei	force suggest before pick	0
1254334	Calle  Marco collection Amber	interestEve	team everything institution add	1
1254348	Urbanización  Thiago citizen Journey	millionNaomi	mean guess detail off	0
1254362	Calle  Dean approach Daleyza	topJade	responsibility available community through	1
1254376	Jr.  Israel last Josie	smileKehlani	share between power private	0
1254390	Urbanización  Micah model Frances	bitAmara	reach his article town	0
1254404	Av.  Nico may Amaru	husbandLennon	money attorney lie green	0
1254418	Urbanización  Forrest stay Erin	fourMadeline	mind future my book	0
1254432	Calle  Winston pretty Myla	motherLila	finish discussion space spend	0
1254446	Coronel  August environmental Genesis	meetingJacqueline	eight plan without modern	1
1254460	Urbanización  Nathan occur Hazel	reallyIvy	best memory measure provide	1
1254474	Urbanización  Elijah instead Natalia	anyKennedy	religious laugh especially prepare	1
1254488	Jr.  Pierce police Emersan	cutJoanna	job seven north play	0
1254502	Urbanización  Tyler shot Daniella	factorSummer	art come small international	1
1254516	Jr.  Edgar point Jimena	eyeReign	someone think prove avoid	1
1254530	Coronel  Royal test Miriam	hotelRosalie	wonder manager operation information	0
1254544	Jr.  Hector legal Lola	blackKira	other other happy month	0
1254558	Coronel  Kyle start Meadow	sceneMarlee	fast defense victim nature	1
1254572	Jr.  Porter method Sarai	breakCali	them listen number according	0
1254586	Jr.  Rhett method Alina	consumerFrancesca	because kitchen computer feel	0
1254600	Calle  Abraham you Shelby	ableKiara	wind sexual want choose	1
1254614	Jr.  Elliot because Arianna	coldAmber	yet country program appear	1
1254628	Jr.  Jeremiah face Anna	sometimesMargot	all he forget determine	1
1254642	Urbanización  Finnegan reality Annie	modernAnastasia	answer finger main share	0
1254656	Coronel  Ibrahim authority Sienna	careerAmber	room shot if low	0
1254670	Av.  Mohamed increase Maisie	significantPayton	brother see together the	1
1254684	Calle  Frank power Presley	enjoyTeagan	card anything top turn	1
1254698	Calle  Lincoln free Arianna	surfaceRaven	people still inside plan	0
1254712	Coronel  Preston foot Kinsley	liveDakotta	remain personal seven summer	0
1254726	Urbanización  Jax process Lainey	particularLorelei	three yet recent mother	0
1254740	Av.  Trevor avoid Makayla	homeMckenna	local full senior situation	1
1254754	Av.  Jace challenge Delilah	coldSarah	many where exist heavy	0
1254768	Calle  Sebastian rest Hayde	finallyRyann	will watch bill sing	1
1254782	Jr.  Nicolas he Ashley	collectionAverie	prepare human society black	0
1254796	Jr.  Braxton eat Hadley	enoughCecilia	home push have participant	1
1254810	Av.  Paul both Palmer	answerAdalyn	but computer audience eye	0
1254824	Calle  Isaiah choice Rylee	whatAlice	water travel appear condition	0
1254838	Av.  Bruce join Jennifer	storeEmilia	anything picture later effect	0
1254852	Urbanización  Blake plant Claire	drugJosie	rate pass fire laugh	0
1254866	Urbanización  Nasir serve Yaretzi	discussionDaisy	data wish worker like	0
1254880	Jr.  Daniel deep Michelle	representLeighton	wall rule today enough	1
1254894	Calle  Alejandro come Brooklyn	meetOphelia	before ask adult probably	1
1254908	Coronel  Hayes industry Ana	churchLillian	do scene may rate	1
1254922	Av.  Joshua officer Kamryn	removeEmely	support condition form way	1
1254936	Calle  Abel weight Penelope	militaryKamila	see above require however	1
1254950	Jr.  Pierce fall Ayla	figureBrinley	picture against simple produce	0
1254964	Jr.  Colt arm Skyler	middleGiselle	similar could tell participant	1
1254978	Calle  Jonah reveal Ella	dayJulia	foreign personal list method	1
1254992	Urbanización  Damian choice Raven	simplyElle	series scientist break financial	0
1255006	Av.  Hayden he Hazel	putKaitlyn	tree try professional travel	1
1255020	Urbanización  Augustus hear Genesis	agreementKaitlyn	night direction walk enough	1
1255034	Urbanización  Dylan loss Layla	momentNyla	raise early explain second	1
1255048	Av.  Zachary else Mary	thatCali	imagine half suggest author	1
1255062	Coronel  Owen check Allison	leftAbigail	picture more tax death	1
1255076	Jr.  Allen come Alice	maybeJourney	skill them store remove	0
1255090	Calle  Levi rather Alaia	companyLucy	many many ground president	1
1255104	Av.  Pierce voice Melody	personalAda	sister thing page finger	1
1255118	Coronel  Cruz only Esther	togetherIvy	work try writer research	1
1255132	Urbanización  Prince feeling Payton	strategyMadelynn	issue night save party	0
1255146	Calle  Tyler we Zuri	stillRoyalty	boy product trip worker	0
1255160	Jr.  Wade artist Ariella	socialBailey	green situation doctor fact	0
1255174	Calle  Daxton reach Macie	willAnnie	back show investment former	1
1255188	Calle  Aidan customer Juliana	decisionAylin	huge authority set once	0
1255202	Coronel  Ryker easy Liana	loseEvelynn	responsibility next light right	0
1255216	Urbanización  Knox popular Francesca	returnAshley	series lie legal meeting	1
1255230	Av.  Jett really Malia	evenCali	begin ball trade suddenly	0
1255244	Urbanización  Raymond beautiful Daniella	suddenlyKate	theory shot speech sea	1
1255258	Urbanización  Cyrus subject Keira	fightBailey	then forget understand visit	1
1255272	Coronel  Jamison policy Hope	outJourney	bit population within get	1
1255286	Jr.  Winston Congress Yaretzi	manyKaia	upon in believe general	1
1255300	Jr.  Parker stay Nayeli	citizenErin	sell pattern very fly	1
1255314	Jr.  Ali wait Brinley	pointEverleigh	they around while beautiful	0
1255328	Calle  Niko seven Gia	cellAthena	several while note attention	0
1255342	Jr.  Vincent happen Skylar	finishXimena	Democrat but sexual information	1
1255356	Calle  Roberto military Esmeralda	shotMaisie	oil strong good place	0
1255370	Coronel  Winston whom Kamila	customerLeighton	agent hour become agree	0
1255384	Av.  Karson capital Averie	sayStella	child generation especially civil	1
1255398	Urbanización  Adonis war Eloise	accordingSavannah	impact prevent arm main	1
1255412	Coronel  Erick since Ava	roleAlice	already treatment player PM	0
1255426	Coronel  Emiliano group Arabella	aheadLeila	change cancer single month	0
1255440	Jr.  Malachi think Gianna	fightGrace	push thus drop he	0
1255454	Coronel  Archer animal Destiny	gardenRenata	family in drop over	0
1255468	Av.  Fabian send Hattie	troubleDylana	how maybe allow price	1
1255482	Urbanización  Roberto near Liana	holdLily	upon exactly manager ahead	1
1255496	Coronel  Jayceon cancer Kayla	anotherRaegan	various stay executive interview	0
1255510	Coronel  Shawn walk Lilliana	makeAlayah	Mrs kill score play	0
1255524	Coronel  Cameron decade Maci	nothingRosalie	special exactly why think	0
1255538	Urbanización  Raiden heat Macie	getBrianna	often officer less picture	1
1255552	Av.  Prince deep Joanna	sheNova	customer oil minute central	0
1255566	Calle  Tatum budget Sabrina	everybodyLydia	meeting health fail if	1
1255580	Calle  Jake own Ryann	seemIvy	hang past story project	0
1255594	Calle  Griffin difficult Ximena	shoulderTaylor	practice thought everybody hotel	0
1255608	Jr.  Luke us Julianna	shareGabrielle	herself phone dark beat	0
1255622	Coronel  Kason admit Averie	aheadViolet	mention allow dark similar	1
1255636	Jr.  Emerson media Ayla	standardEvelyn	thing reflect stand actually	0
1255650	Jr.  Kasen staff Zuri	minuteCamilla	finish film population history	0
1255664	Jr.  Shawn wish Isabel	houseJoanna	thought whom statement prevent	0
1255678	Calle  Alexander follow Eliza	factorFinly	still number decision design	1
1255692	Av.  Jorge section Isla	specificKehlani	data set south old	1
1255706	Urbanización  Memphis according Amira	popularSophie	Republican beyond recognize when	1
1255720	Av.  Leland hear Londyn	problemEsme	back huge thus walk	0
1255734	Av.  Fernando culture Jolene	liveBianca	off recognize political decade	0
1255748	Urbanización  Jett important Freya	severalMeadow	staff seek cup environmental	1
1255762	Jr.  Daxton song Rivern	norNorah	box reveal authority bar	1
1255776	Av.  Greyson democratic Miriam	myLily	admit another night young	0
1255790	Av.  Travis only Leila	herMolly	store suggest n't service	0
1255804	Urbanización  Lane party Alexina	nearlyAinsley	kid music cup many	0
1255818	Calle  Beau behavior Yaretzi	barMilani	push movie idea when	1
1255832	Calle  Esteban way Mackenzie	tenLiana	enjoy member form build	1
1255846	Jr.  Tate find Mariah	differenceJacqueline	movie every law exist	0
1255860	Coronel  Timothy oil Lily	fallCataleya	design certain cut risk	1
1255874	Jr.  Adonis level Lydia	roomLana	industry kind focus economy	0
1255888	Coronel  Theodore thank Cecilia	trainingDylana	word speech project scientist	1
1255902	Av.  Karson stage Camila	produceRyleigh	high coach public night	1
1255916	Av.  Alejandro employee Melissa	lastJourney	religious moment draw law	0
1255930	Calle  Brantley government Brianna	thirdOlive	mission management garden know	1
1255944	Urbanización  Carson must Jasmine	decadeMadeleine	to method article nation	0
1255958	Jr.  Jax example Kathryn	aheadAmber	exist standard easy most	1
1255972	Coronel  Kyson wait Vivian	cardLuciana	popular mouth rest like	0
1255986	Urbanización  Cesar voice Kinley	resourceCollins	their sort agent laugh	1
1256000	Calle  Micah hard Hadley	imageGwendolyn	four push record come	1
1256014	Av.  Xavier myself Blair	playGracelyn	throughout value rock value	1
1256028	Av.  Phoenix draw Kensley	pushJasmine	exactly parent movie film	1
1256042	Jr.  Grant officer Meadow	businessMiracle	travel animal idea political	1
1256056	Calle  Noel serious Lydia	dreamLeighton	single record their particularly	1
1256070	Coronel  Conor also Lennon	withinSabrina	have church significant special	0
1256084	Av.  Paul wide Alyssa	windEvelynn	worry need star occur	0
1256098	Calle  Abel policy Ashley	peopleHope	late challenge protect head	0
1256112	Coronel  Jace father June	stopBrooklynn	minute term stop car	0
1256126	Jr.  Sergio let Piper	forLyric	actually can break suddenly	1
1256140	Urbanización  Malik tonight Vera	againCharlee	democratic federal key wait	1
1256154	Jr.  Arjun respond Lia	authorAdaline	offer art some various	0
1256168	Av.  Wyatt always Michelle	stateStella	be of very cut	1
1256182	Urbanización  Otto realize Nayeli	cameraHelena	kill store over lose	0
1256196	Calle  Niko cost Matilda	qualityHope	cause common yard risk	1
1256210	Coronel  Zaiden talk Blakee	shotMelody	adult know memory age	1
1256224	Jr.  George lay Serenity	artPaisley	from phone reality strategy	0
1256238	Coronel  Pablo south Paris	friendLaura	seven show scene production	0
1256252	Jr.  Roman better Brynlee	stillNatalia	matter return charge these	0
1256266	Urbanización  Karson option Jada	writerAdelyn	do billion would away	1
1256280	Urbanización  Benjamin purpose Emma	allPhynix	value fail class right	0
1256294	Av.  Jett theory Kalani	sonMarley	so police them man	1
1256308	Jr.  Samuel owner Giselle	freeKaylee	those only down business	1
1256322	Urbanización  Jackson wonder Elle	knowMargaret	bring trip Democrat word	1
1256336	Coronel  Nash come Leila	studyLeila	stuff especially any positive	0
1256350	Coronel  Jamison moment Daniela	probablyLeilani	first child service result	0
1256364	Jr.  Enzo start Valentina	reasonKalani	dead person leader weight	1
1256378	Jr.  Leon entire Madelyn	stepRuby	pressure member but admit	1
1256392	Coronel  Gabriel go Paisley	aJourney	event put add occur	0
1256406	Calle  Jeremiah way Kimberly	whichGiselle	series talk player risk	1
1256420	Av.  Hugo prevent Journey	meetingKeira	think house road without	0
1256434	Jr.  Ismael home Amy	coupleRachel	private support morning city	0
1256448	Jr.  Kayden tell Ariel	ratherIvy	full foreign black line	1
1256462	Jr.  Easton full Samantha	pictureAlexandra	look appear maintain service	1
1256476	Coronel  Quinn author Scarlett	forceAlessandra	citizen wish theory material	0
1256490	Av.  Ashton similar Arabella	soundAnastasia	will thing team camera	0
1256504	Av.  Brayden cover Emily	myMelissa	training could executive image	1
1256518	Urbanización  Kyson production Meadow	wishIvy	particular choice ready sister	0
1256532	Calle  Messiah production Eva	dieCali	someone four former decide	0
1256546	Coronel  Cameron outside April	factorNaomi	land sister matter change	0
1256560	Urbanización  Simon car Alina	fillAlessandra	bill attack deep really	0
1256574	Coronel  Cruz probably Arianna	beforeSarah	information low low morning	0
1256588	Av.  Matthias role Poppy	economicNevaeh	foreign wait church should	0
1256602	Calle  Trevor goal Angela	withinMargaret	answer low design fight	0
1256616	Calle  Conor student Poppy	materialEsmeralda	on whatever yet difficult	1
1256630	Calle  Kyle story Celine	conditionTeagan	kill vote movie carry	1
1256644	Coronel  Dallas doctor Demi	hitMaisie	out table responsibility laugh	0
1256658	Calle  Simon kind Sienna	shakeGracie	response pick hundred serve	1
1256672	Calle  Arlo choose Grace	electionAniyah	poor process history good	1
1256686	Jr.  Jayden record Jolene	workBianca	painting coach people music	0
1256700	Jr.  Adriel beyond Alaia	roleEsme	deal one fund interesting	1
1256714	Av.  Muhammad second Mckenzie	streetKaylani	between great feel season	1
1256728	Coronel  Enzo come Madison	headAriel	set say how along	0
1256742	Av.  Bryan information Nylah	baseElianna	detail important base economic	0
1256756	Urbanización  Dakota end Gracie	priceOctavia	recent necessary knowledge believe	0
1256770	Av.  Ruben none Summer	fightLilith	fast nation continue worry	1
1256784	Jr.  Paxton art Claire	westJennifer	crime group n't price	0
1256798	Coronel  Lincoln race Adalynn	wellMarley	both part responsibility eat	0
1256812	Urbanización  Kamari claim Leilani	nearShelby	into fill team sit	0
1256826	Jr.  Killian someone Daniela	executiveLorelei	word get kill radio	0
1256840	Coronel  Thiago hot Isabella	victimSawyern	enough college before seven	1
1256854	Jr.  Zayden investment Ryleigh	seniorAliyah	play rise drop name	0
1256868	Calle  Emmitt worry Ayla	partMichelle	two special wonder weapon	0
1256882	Calle  Gregory sure Payton	buildGeorgia	choose shake quickly situation	0
1256896	Jr.  Reid director Felicity	pullAriah	cover season dinner in	0
1256910	Urbanización  Luca service Violet	newspaperJuniper	draw she live and	1
1256924	Urbanización  Rhys level Evelyn	majorityElena	simple American above writer	0
1256938	Jr.  Maxwell leader Iris	cityRoyalty	strategy sport center growth	0
1256952	Urbanización  Milan argue Haley	morningCharleigh	say firm million upon	1
1256966	Av.  Timothy require Marlee	peopleLeia	necessary government outside out	1
1256980	Coronel  Augustus daughter Helen	believeAliyah	final science low well	0
1256994	Coronel  Tyson beyond Hadley	meetingParis	personal information yourself lead	1
1257008	Jr.  Zayden practice Daisy	forwardMelissa	better really history question	0
1257022	Coronel  George period Paislee	coupleJosie	chair radio letter when	0
1257036	Av.  Prince doctor Alice	chairEmma	language among stay notice	1
1257050	Av.  Dexter car Colette	representJennifer	picture child center morning	0
1257064	Jr.  Esteban kitchen Eliza	althoughDelilah	probably despite hold star	1
1257078	Coronel  Jorge peace Carolina	lowFelicity	travel lawyer realize much	0
1257092	Calle  Jayce seem Ruby	matterRosemary	describe adult indicate group	0
1257106	Calle  Zaiden tree Danielle	agreeOphelia	image investment difference leg	1
1257120	Jr.  Nico them Mira	littleKalani	property end police imagine	0
1257134	Av.  Jayden only Peiton	sizeSamara	trouble nation thousand design	0
1257148	Coronel  Derrick oil Kehlani	tableDanielle	into blood always computer	1
1257162	Urbanización  Keegan game Logana	itemMary	since attack game difficult	1
1257176	Urbanización  Isaac grow Adalynn	warAmy	turn factor truth time	0
1257190	Calle  Philip phone Makenna	developmentMariah	field standard street marriage	0
1257204	Calle  Erick middle Eloise	presidentMyla	maintain never politics finger	0
1257218	Jr.  Bennett lose Nylah	stateRylie	their itself building play	1
1257232	Coronel  Brayden during Ariana	mouthGabriella	statement fall inside her	1
1257246	Av.  Chase follow Mackenzie	seriesCassidy	huge general against serve	0
1257260	Coronel  Dominick wait Autumn	someCarolina	although reach detail poor	1
1257274	Av.  Jesus leave Vera	soEsme	nor fast game dinner	1
1257288	Av.  Alijah technology Natalie	actuallyHallie	prevent save hundred design	1
1257302	Coronel  Arlo walk Rylee	thinkValerie	first board weapon inside	1
1257316	Urbanización  Hunter another Raelyn	ourKaitlyn	another rest argue low	1
1257330	Urbanización  Joseph trip Rosemary	billionEverly	task come else certain	1
1257344	Jr.  Ryder southern Daleyza	chooseFaith	natural may oil culture	1
1257358	Calle  Caleb white Viviana	ratherSamantha	themselves later idea can	0
1257372	Urbanización  Collin anything Allie	includingZariah	memory ability property charge	0
1257386	Jr.  Enrique reason Leah	noteCamryn	machine magazine consider whether	1
1257400	Jr.  Walter too Abigail	reflectJacqueline	when east cell series	1
1257414	Calle  Paul throughout Danielle	industryHarper	them street knowledge dinner	0
1257428	Calle  Augustus focus Kailani	dinnerDestiny	the office yourself question	1
1257442	Jr.  Bryce start Miriam	individualBlakely	throughout near let plant	1
1257456	Calle  Levi same Elliotta	dataAmiyah	skin customer through animal	1
1257470	Coronel  Caden practice Lucy	modelPalmer	something enjoy fact piece	0
1257484	Coronel  Emerson turn Avianna	neverAspen	from office however official	1
1257498	Coronel  Colton city Kylie	thankAthena	design artist purpose break	1
1257512	Jr.  Brian yes Lennon	traditionalAmber	front hot say black	1
1257526	Calle  Abraham image Makenzie	manyGiselle	item while rock a	0
1257540	Calle  Waylon style Kayla	hearLondyn	mind industry spend necessary	1
1257554	Av.  Cairo artist Gwendolyn	politicsJordana	necessary century general since	1
1257568	Av.  Lorenzo open Olivia	debateGabriela	dinner coach serious court	1
1257582	Calle  Kieran role Cassidy	dropGabriela	hair still research lose	0
1257596	Calle  Elian husband Victoria	beIsabelle	while evening even doctor	1
1257610	Urbanización  Killian respond Isabelle	improveAlicia	back defense six country	1
1257624	Coronel  Milan pressure Cataleya	behaviorLucy	eight professor white hotel	1
1257638	Jr.  Gianni political Jennifer	matterLexi	tonight building problem doctor	0
1257652	Urbanización  Gael month Eliza	familyDemi	prevent close thought detail	0
1257666	Jr.  Matteo less Scarlet	bigSelah	page clearly eye there	0
1257680	Coronel  Iker test Shiloh	heavyMargot	sell fire administration property	1
1257694	Calle  Maximiliano involve Gracelyn	toKenzie	there beat north check	1
1257708	Calle  Devin sure Alaina	uponJada	or cut each information	1
1257722	Av.  Jaiden anything Millie	differentAudrey	effect first listen small	1
1257736	Av.  Hendrix least Nadia	researchKendall	line determine method phone	1
1257750	Coronel  Trevor indeed Maliyah	economicMia	garden spend particularly magazine	0
1257764	Av.  Jameson can Harlow	caseSloane	office fill our agency	1
1257778	Av.  Conner stuff Edena	blueDelilah	real top professor reality	0
1257792	Calle  Zion wait Collins	suddenlyAlina	method into victim bank	1
1257806	Calle  Dean color Danielle	participantSophia	language apply call break	0
1257820	Coronel  Ari big Camilla	culturalCecilia	base soon themselves thought	1
1257834	Av.  Robert those Skyler	newspaperAva	check skill drop game	0
1257848	Av.  Finn understand Sadie	theirLucy	all risk test lay	0
1257862	Coronel  Kairo television Caroline	weightHaven	meeting few century event	1
1257876	Av.  Waylon throw Edena	wayAverie	let off walk choose	0
1257890	Calle  Waylon college Daisy	fundHailey	bring view his property	0
1257904	Av.  Milan trip Everly	teamFelicity	be possible claim development	0
1257918	Coronel  Shawn soon Arielle	growRenata	simply plant gas ground	1
1257932	Urbanización  Abraham drop Jenna	needEvelyn	prove professor important manage	1
1257946	Calle  Dominic trade Rachel	thoughDahlia	lie public history imagine	1
1257960	Av.  Declan million Winter	chooseSloane	shoot time if difficult	0
1257974	Jr.  Kameron choice Sloane	storeKatie	fire part laugh too	1
1257988	Av.  Porter admit Makenzie	themselvesJada	appear ground man seat	1
1258002	Jr.  Noah couple Ember	centerSadie	address see close leg	0
1258016	Jr.  Barrett detail Scarlet	forwardAlexandra	piece blue trip sexual	0
1258030	Calle  Colton smile Rylie	goLeighton	evening most again second	1
1258044	Coronel  Kamari song Amaya	storeHeidi	image hospital hair past	0
1258058	Urbanización  Emmitt growth Maeve	throughoutEva	period level prove or	1
1258072	Coronel  Mario language Cheyenne	littleNatalia	feeling impact everything too	1
1258086	Calle  Aiden force Morgan	foreignFrancesca	share executive daughter alone	0
1258100	Coronel  Kaiden green Valerie	electionSerena	challenge president rule notice	0
1258114	Jr.  Abram of Ruth	mainAubree	happy thousand form one	1
1258128	Coronel  Abel network Madeleine	withinVera	at property force operation	0
1258142	Av.  Isaiah my Paris	cityDanielle	wonder reveal person investment	1
1258156	Av.  Iker movie Celeste	streetJordyn	once attorney miss n't	0
1258170	Av.  Edgar beyond Mira	rememberSamantha	however affect operation should	1
1258184	Urbanización  Kamden heavy Miriam	babyNoelle	member suffer director article	0
1258198	Av.  Dominic student Rylee	sonSerenity	upon sister meeting analysis	1
1258212	Jr.  Jamison would Adriana	greenAverie	money sell protect field	0
1258226	Jr.  Jeffrey tend Alani	wideAurora	music hope bad notice	0
1258240	Coronel  Brady career Gracelynn	closeAriella	risk history some can	0
1258254	Av.  Fabian standard Samantha	severalAlivia	vote might my heat	0
1258268	Urbanización  Eric almost Josie	stillDylana	sign among north summer	1
1258282	Coronel  Sergio provide Elisa	alsoMakenna	coach process hope central	0
1258296	Av.  Ayden bit Isabelle	wishPhynix	hear whole simple heart	0
1258310	Calle  Bentley girl Aniyah	paintingReign	better attention study become	0
1258324	Coronel  Finn ability Addison	successCheyenne	establish shot time back	1
1258338	Urbanización  Kaison base Emery	futureAlexandra	pull civil reveal war	0
1258352	Calle  Nathaniel sex Lola	wantLauren	table mission begin heart	0
1258366	Av.  Enzo compare Juliet	MrsLayla	shot inside account mouth	1
1258380	Jr.  Jayden growth Eloise	alreadyKenzie	former growth talk success	0
1258394	Urbanización  Jonah yet Kalani	foreignLyric	pick degree model image	0
1258408	Calle  Pedro six Khloe	putHelena	mind table fish walk	1
1258422	Coronel  Emmanuel develop Alessandra	lossBrynn	cold shoot team tend	0
1258436	Jr.  Daxton surface Esther	storeNatalie	try either shoot entire	1
1258450	Calle  Kai science Saylor	recordKenzie	detail perform itself network	0
1258464	Coronel  Dakota both Ophelia	wallBlakee	those officer that finally	0
1258478	Coronel  Zayne develop Jada	floorFernanda	central skill event writer	1
1258492	Urbanización  Alejandro away Elise	matterYaretzi	some any simply key	1
1258506	Urbanización  Iker born Savannah	thoughLiana	help weight understand investment	1
1258520	Jr.  Kade current Madelyn	intoMya	financial sense study institution	1
1258534	Urbanización  Ari easy Ana	downJacqueline	man happy activity enjoy	1
1258548	Calle  Beau disease Heidi	middleArielle	defense feeling former death	1
1258562	Calle  Timothy get Kaia	almostJennifer	partner play again reveal	1
1258576	Coronel  Moises safe Jada	trainingAngelean	series kill stop for	0
1258590	Coronel  Spencer for Mckenzie	killFaith	down civil shoulder run	0
1258604	Urbanización  Eduardo amount Willow	phoneYaretzi	issue this agree figure	0
1258618	Coronel  Abel more Zoe	seeAubrey	enter kid three risk	1
1258632	Coronel  Bradley purpose Malia	downEliza	know service recent cold	1
1258646	Av.  Maximus yes Viviana	willAngelean	office age occur trouble	0
1258660	Jr.  Emilio top Ella	positionEmilia	white risk have head	1
1258674	Jr.  Phoenix amount Zoe	shareAnaya	most dead person really	1
1258688	Urbanización  Walter rule Millie	aheadEmory	bank or notice fail	1
1258702	Av.  Kolton baby Briella	weekCharleigh	sister media food say	0
1258716	Coronel  Louis public Taylor	executiveAnastasia	tree doctor common parent	1
1258730	Jr.  Rafael player Ryleigh	developmentIvy	sex front out military	1
1258744	Av.  Jorge thousand Gabriella	clearlyRosalie	girl sign identify send	1
1258758	Coronel  Marshall serious Evelyn	movementAllison	camera health say whole	0
1258772	Calle  Jordan trade Kehlani	twoAlison	key leave mother others	0
1258786	Jr.  Cody discuss Journey	especiallySkyler	daughter community citizen hard	1
1258800	Urbanización  Elliot film Journey	doctorMia	suffer another majority remain	1
1258814	Jr.  Johnny somebody Kayleigh	addressAmanda	she ball die pressure	0
1258828	Coronel  Gavin one Aubrey	candidateMaddison	level gun paper short	0
1258842	Urbanización  Ethan catch Vivienne	politicalHaley	fly coach paper usually	1
1258856	Calle  Kingston blue Lucille	enterNevaeh	son trip about wish	0
1258870	Urbanización  Caiden task Leia	hospitalLila	around surface but skill	0
1258884	Av.  Gideon well Rylee	performMaya	number purpose rather same	1
1258898	Calle  Spencer which Madelynn	finallyEmery	put size physical across	0
1258912	Jr.  Emerson deal Paislee	elseAmanda	know through debate morning	1
1258926	Coronel  Zaiden clear Khloe	laterJessica	down loss tree look	1
1258940	Calle  Jason skin Vivienne	executiveEvelynn	partner will they sport	1
1258954	Coronel  Jaxon law Mira	significantGeorgia	organization itself design bed	0
1258968	Calle  Wyatt career Taylor	standRebecca	serious large walk room	0
1258982	Av.  Bryson if Sophie	preventAdelaide	enter total free unit	0
1258996	Jr.  Brandon guess Juliet	betweenAddison	pull view challenge cause	0
1259010	Coronel  Cristian die Lila	gunLeilani	reduce fly according nation	0
1259024	Coronel  Derrick go Kaitlyn	tooGwendolyn	participant simple offer choose	0
1259038	Calle  Muhammad someone Phynix	moveParis	before effect training ready	1
1259052	Urbanización  Eduardo approach Arya	sixMaliyah	foreign look pressure hard	0
1259066	Calle  Sage challenge Evie	soAmaru	foreign hold race change	0
1259080	Urbanización  Malik most Lyric	wayAmelia	finger six instead these	1
1259094	Coronel  Judah from Charlotte	availableEleanor	summer would small gun	1
1259108	Calle  Kyrie edge Edena	projectLeilani	allow natural wall opportunity	1
1259122	Jr.  Josue figure Emersan	determineAlessandra	particularly rate nearly sense	1
1259136	Av.  Alonzo raise Remi	radioEvangeline	arrive attention nice himself	1
1259150	Jr.  Kaleb write Colette	eyeMadelyn	young pattern bar third	0
1259164	Urbanización  Jeremy local Cheyenne	entireSavannah	above speak care study	0
1259178	Av.  Maverick n't Averie	travelDaphne	less score president violence	0
1259192	Calle  Arlo interest Bristol	fishBrooklynn	when evidence debate second	1
1259206	Urbanización  Caiden challenge Amanda	teacherBrooklynn	national rise really article	0
1259220	Av.  Moises floor Oakly	weekHeaven	year dog though data	0
1259234	Urbanización  Jay close Aylin	floorAylin	cut exist cold give	1
1259248	Jr.  Keegan move Kylie	securityRyann	explain subject explain article	0
1259262	Urbanización  Quinn seat Samantha	federalLila	people board director do	0
1259276	Coronel  Beau eat Noelle	collectionReagan	appear us bad sure	1
1259290	Coronel  Antonio of Cheyenne	dogDylana	decade baby sex trade	1
1259304	Calle  Derek miss Sagen	controlAlani	president drop conference against	0
1259318	Calle  Kayden computer Kaylani	sizeMckenna	Democrat service somebody official	0
1259332	Coronel  Troy finish Scarlett	centuryRorie	Mrs their successful structure	1
1259346	Urbanización  Tate long Destiny	TVPhoebe	some simply tend nothing	1
1259360	Av.  Lawson event Luciana	tellKenzie	over world hard may	0
1259374	Jr.  Zachariah interview Sofia	decideMichelle	community condition decision offer	0
1259388	Coronel  Jase amount Maeve	hospitalHelen	personal rock somebody evidence	1
1259402	Av.  Wyatt legal Liliana	outsideAlessandra	indeed change someone month	0
1259416	Av.  Iker major Nicole	joinSierra	book age join stop	1
1259430	Coronel  Emmett success Shiloh	lookAlani	law foreign tax stand	1
1259444	Calle  Leon task Emersyn	internationalGracelynn	he patient skin read	1
1259458	Urbanización  Adriel form Braelynn	realizeDelilah	available rule blood officer	1
1259472	Jr.  Jared seven Esther	considerNatalie	day moment discussion company	0
1259486	Calle  Esteban heat Reming	musicGrace	movie popular story hand	0
1259500	Jr.  Josiah scene Emma	sportLucy	contain final economy degree	0
1259514	Coronel  Jeremy either Ellie	upDakotta	fire sound commercial anyone	0
1259528	Urbanización  Oliver your Alani	bloodElianna	move play evening than	0
1259542	Jr.  Corbin production Maria	asLorelei	western carry local available	1
1259556	Urbanización  Ethan culture Ellie	whoseRoyalty	although leg lawyer thousand	1
1259570	Jr.  Rylan step Elise	movieMadelyn	federal they management lead	0
1259584	Calle  Jonas around Lana	openTalia	day well politics marriage	1
1259598	Jr.  Zayn born Lia	okLiliana	pressure statement million again	1
1259612	Calle  Adrian paper Elisa	insteadSophia	important indeed too white	1
1259626	Jr.  Jax newspaper Brynlee	houseMargot	indeed effort movement quality	0
1259640	Av.  Porter exactly Lyric	receiveRyleigh	common eat reveal responsibility	0
1259654	Av.  Apollo you Raelynn	structureHeaven	run wish office within	0
1259668	Urbanización  Parker large Tessa	lightSkye	you side south make	1
1259682	Av.  Jason put Madilyn	soundJourney	join occur three half	1
1259696	Jr.  Ezra history London	relationshipAubree	consider party suffer century	0
1259710	Jr.  Liam guess Willa	lawBristol	important claim many task	0
1259724	Jr.  James create Reese	againHelena	pull love amount order	1
1259738	Av.  Tyson improve Holly	workVictoria	then evidence effect girl	0
1259752	Coronel  Zion agreement Catalina	reallyMiranda	help experience life player	1
1259766	Urbanización  Gunner list Charlotte	argueEsme	accept trial leave cover	0
1259780	Coronel  Ethan plant Celeste	dogFernanda	difference model factor writer	1
1259794	Urbanización  Griffin should Aliyah	motherHarmony	specific prepare bank material	1
1259808	Calle  Griffin begin Katherine	seriousEmmy	n't check might sexual	0
1259822	Av.  Avery together Meadow	leastLainey	meet production during town	0
1259836	Calle  Kolton manager Annalise	frontJulianna	safe support easy from	0
1259850	Calle  Karter provide Raelynn	everythingCarolina	candidate leader machine activity	0
1259864	Coronel  Charles indeed Liana	visitKalani	drop not he call	0
1259878	Calle  Ryan large Matilda	lotIsabella	daughter require exist against	0
1259892	Coronel  Victor true Haley	beforeAndrea	describe international itself answer	0
1259906	Av.  Roman later Allison	gardenSummer	car direction value billion	0
1259920	Urbanización  Conner guess Winter	impactKaylani	point scene treatment place	0
1259934	Jr.  Jax mean Fernanda	sendCarolina	hotel on machine far	1
1259948	Av.  Graham Democrat Alice	sameJenna	style can production easy	1
1259962	Jr.  Hunter minute Blair	lossJocelyn	guess themselves sound black	0
1259976	Coronel  Arlo resource Jade	anyLayla	star tree knowledge he	0
1259990	Av.  Leland project Emersan	reasonKensley	station especially doctor condition	0
1260004	Calle  Declan because Ashley	identifyEmery	a field speech yes	1
1260018	Jr.  Kasen mother Ruby	letterVivienne	type third event meet	1
1260032	Urbanización  Kaleb year Kate	simpleVictoria	require feeling term opportunity	0
1260046	Coronel  Erik growth Shelby	applyRemi	actually without sex consumer	0
1260060	Coronel  Iker during Nayeli	suddenlyTaylor	event someone certainly leave	1
1260074	Jr.  Ari mention Amira	scoreJoanna	strategy hope provide wonder	0
1260088	Urbanización  Raiden speak Abigail	particularlyCatherine	for space check he	0
1260102	Urbanización  Pedro hot Charleigh	federalAriel	violence couple say while	1
1260116	Coronel  Hank possible Alessandra	momentMelissa	central smile local child	1
1260130	Av.  Jaxson member Luciana	nationAutumn	new bank find kitchen	1
1260144	Coronel  Joel free Rilay	savePoppy	cup break start scientist	0
1260158	Coronel  Solomon man Quinne	communityGabrielle	experience executive street anything	1
1260172	Calle  Carson history Heaven	receiveReese	it lot save ahead	0
1260186	Urbanización  Albert teacher Hope	aRachel	feel heat benefit item	1
1260200	Urbanización  James decision Kalani	appearBrynn	admit evidence teach civil	0
1260214	Av.  Jensen grow April	himJordyn	trip alone station soldier	0
1260228	Urbanización  Kaison sit Vanessa	gasHarper	hour say nature hair	0
1260242	Coronel  Pablo necessary Summer	thirdTeagan	general natural yourself building	0
1260256	Av.  Luke present Mia	courseDelaney	performance miss board relate	0
1260270	Urbanización  Jaxson organization Vanessa	coverWynter	industry report argue gas	0
1260284	Jr.  Liam media Thea	budgetMira	program argue leave area	1
1260298	Urbanización  Edgar across Lauren	viewAda	pay from feel evening	1
1260312	Av.  Adriel explain Mackenzie	gasEmory	system issue plant thought	1
1260326	Urbanización  Dalton natural Veronica	wishDaisy	morning difference professor wish	1
1260340	Calle  Jorge management Hope	identifyLia	single economy your bed	1
1260354	Calle  Tyler hit Margaret	wordPhoebe	century argue loss may	0
1260368	Av.  Antonio n't Jennifer	cutAlina	series whose character agent	1
1260382	Urbanización  Milo tax Nova	itsEmilia	stand avoid member college	0
1260396	Coronel  Cody lead Raelyn	herAmanda	win public lot series	1
1260410	Calle  Sullivan memory Selena	expectAmelia	art first guess deal	0
1260424	Jr.  Micah suddenly Freya	afterPhoebe	hair defense glass record	1
1260438	Urbanización  Kendrick writer Arya	manyTrinity	which admit none trade	1
1260452	Urbanización  Nicholas death Cora	addressMary	private place control teach	1
1260466	Av.  Marco media Aniyah	officeWinter	culture read song if	0
1260480	Calle  Lorenzo city Cali	soonAmaru	capital enough interview your	0
1260494	Urbanización  Rory car Mya	agoPeiton	performance rise call society	1
1260508	Urbanización  Bradley painting Esme	suchMaddison	strategy field system read	1
1260522	Av.  Marcus serious Adelynn	agencyPhynix	threat amount moment industry	0
1260536	Calle  Callum least Sara	populationKalani	drop wide administration reduce	1
1260550	Coronel  Gunnar ok Lilah	drawSamara	work idea join identify	1
1260564	Urbanización  Lukas find Poppy	admitMadison	language stuff remember many	0
1260578	Calle  Jake seven Regina	mediaAdelyn	TV expect public investment	0
1260592	Coronel  Kade culture Raegan	standardOphelia	political blood skill event	0
1260606	Calle  Santiago mouth Elsie	specificNylah	might buy outside box	0
1260620	Calle  Jayden at Vivian	televisionAdelyn	which and card disease	1
1260634	Av.  Austin three Angelina	tripEloise	build outside miss building	0
1260648	Urbanización  Johnathan century Tessa	methodKyla	seat brother politics everybody	1
1260662	Coronel  Parker around Nyla	intoMadelynn	real skill audience stuff	1
1260676	Urbanización  Theo stand Paislee	chooseAnna	support produce every above	0
1260690	Jr.  Emerson improve Alaia	changeSophia	artist yes heavy measure	1
1260704	Urbanización  Francisco production Emily	customerCharleigh	tree them bed would	1
1260718	Urbanización  Mario building Daniela	accountRowann	production learn relationship teach	1
1260732	Calle  Kade home Melody	managerIvy	begin but especially west	0
1260746	Coronel  Isaias well Evangeline	quicklyNylah	morning head build who	0
1260760	Urbanización  Ellis enter Brinley	thinkRyleigh	language hair reveal doctor	0
1260774	Calle  Marshall red Nadia	areaMorgan	bit study five somebody	0
1260788	Calle  Cade true Jane	stageAlexandra	experience wait behavior someone	1
1260802	Jr.  Asher daughter Hope	fishNatalia	when protect amount Mr	0
1260816	Av.  Brooks finish Sloane	MrKamila	line price indeed standard	1
1260830	Urbanización  Simon real Lia	candidateEverlee	better affect late piece	0
1260844	Av.  Ibrahim run Ava	himAlexandra	arm nature family bit	1
1260858	Urbanización  Cooper pattern Emelia	realGenesis	hospital fly patient kill	1
1260872	Urbanización  Harvey section Makayla	especiallyValentina	letter employee black shoot	0
1260886	Av.  Charlie Republican Haley	makeZariah	strategy hear nearly would	1
1260900	Coronel  Kyson data Phynix	whyAllie	society hot off nation	0
1260914	Urbanización  Hudson ever Isabella	poorKinsley	play seem small require	1
1260928	Calle  Rylan inside Julia	continueLogana	cup especially million in	1
1260942	Calle  Brooks field Holly	bothMariana	kid law answer hope	0
1260956	Urbanización  Oakley begin Emersan	powerAyla	project raise night how	1
1260970	Calle  Rylan risk Brynlee	necessaryLilith	tree thank hour friend	1
1260984	Calle  Jeremiah art Liliana	decideHeidi	energy instead organization all	0
1260998	Jr.  Evan painting Miracle	caseIvy	class add reality source	0
1261012	Av.  Felix something Francesca	itselfLondon	understand shoulder degree opportunity	1
1261026	Jr.  Preston defense Alessandra	haveWren	television room test argue	0
1261040	Urbanización  Hendrix both Alessandra	recordEverlee	peace study relationship rule	1
1261054	Calle  Uriel compare Paislee	cameraAlayna	science successful business other	1
1261068	Urbanización  William production Payton	topReming	door question offer return	1
1261082	Av.  Dominic upon Lucy	upBrianna	die any responsibility federal	0
1261096	Av.  Cash hour Wynter	spendCatalina	share like tend mean	1
1261110	Urbanización  Frederick to Leia	childLuciana	production first professional level	1
1261124	Coronel  Ivan exist Aliyah	upAmara	shoulder throughout central rock	0
1261138	Av.  Jasper resource Eleanor	powerHarlow	audience she long anyone	0
1261152	Calle  Kingston check Anastasia	butCamila	maintain part kill ever	0
1261166	Coronel  Thomas without Phynix	anotherJourney	can into hand hear	1
1261180	Jr.  Sterling couple Lorelei	todayGenevieve	or anyone finish claim	1
1261194	Urbanización  Finnegan include Taylor	barFrances	trip such town memory	1
1261208	Urbanización  Steven morning Emersan	ifHazel	southern example reach market	0
1261222	Calle  Ronin too Aubrey	differenceLilah	will sing modern behind	0
1261236	Coronel  Asher probably Kenzie	bestLaila	but high local exist	0
1261250	Calle  Ace dead Helen	letAvianna	position father hit hold	0
1261264	Av.  Wyatt know Alexina	evenNicole	without street indicate coach	1
1261278	Calle  Gage area Samantha	occurOlive	certain dinner product likely	1
1261292	Coronel  Blake old Eliana	everybodyKaylani	explain whether employee end	0
1261306	Coronel  Colson if Amira	changeQuinne	challenge art million fine	0
1261320	Jr.  Andres fear Ariah	comeJuliette	must above show far	1
1261334	Calle  Easton have Fatima	gardenMadilyn	would modern market pull	0
1261348	Calle  Declan development Kelsey	yeahFernanda	southern somebody bit thus	1
1261362	Jr.  Carson add Jessica	littleSkyler	love could himself spring	1
1261376	Av.  Ellis effort Genevieve	drugPresley	type better firm heavy	1
1261390	Calle  Tristan painting Lydia	propertyJourney	include group rather might	0
1261404	Av.  Muhammad modern Kayla	includeQuinne	style listen herself week	0
1261418	Urbanización  James campaign Elena	evidenceShiloh	manager receive type series	0
1261432	Calle  Zayn say London	orMyla	time performance case recently	1
1261446	Coronel  Mason police Aspen	effectPalmer	my shot easy word	1
1261460	Jr.  Jayce glass Kayleigh	artLeila	modern college though lawyer	1
1261474	Jr.  Chase anyone Naomi	placeKaitlyn	management come create response	0
1261488	Calle  Desmond various Amiyah	noneGabriela	never cultural try conference	0
1261502	Calle  Ali magazine Katie	popularMolly	miss mind step too	0
1261516	Av.  Atticus car Camryn	officerRosalie	hard parent off case	0
1261530	Jr.  Arlo rise Winter	reflectAlayah	head project recently growth	0
1261544	Urbanización  Axel police Michelle	bitMilani	over next tree what	1
1261558	Calle  Luis forward Maddison	countryIsabelle	night sex born interesting	1
1261572	Urbanización  Hayden board Brynlee	ohLola	future around through single	0
1261586	Calle  Apollo require Mya	yesRaelyn	miss rather evening about	0
1261600	Jr.  Camden force Talia	choiceElizabeth	strategy action course part	1
1261614	Av.  Nasir each Willow	RepublicanCamila	also through full property	1
1261628	Coronel  Fabian beyond Jordyn	groundMadeline	huge whole blood discuss	1
1261642	Coronel  Moises treat Emily	feelKinsley	much cup glass support	0
1261656	Jr.  Odin project Angela	considerMaggie	cause heavy best create	0
1261670	Jr.  Conner way Lia	niceBella	around after establish financial	0
1261684	Av.  Kingston turn Teagan	millionElianna	foot million disease good	1
1261698	Av.  Armani mission Sophie	upMariana	private woman decade nature	1
1261712	Jr.  Kyle production Dakotta	wideSydney	study current leave morning	0
1261726	Urbanización  Elijah assume Elianna	performEmber	no way hear feeling	0
1261740	Calle  Zion me Naomi	communitySkylar	quality share several size	0
1261754	Calle  Gabriel form Amira	pressureKathryn	no me clear concern	0
1261768	Av.  Sullivan run Emelia	painAmira	food here move property	1
1261782	Jr.  Odin system Jordyn	bigJane	partner arm necessary get	0
1261796	Urbanización  Joseph performance Kaitlyn	avoidSkye	check share seem yard	1
1261810	Coronel  Karter allow Skyler	imageKate	listen same think hit	1
1261824	Urbanización  Kamari sex Madeleine	aboutMeadow	development off decision positive	0
1261838	Jr.  Archer price Luciana	businessElizabeth	and outside just laugh	1
1261852	Av.  Erik prove Reming	recentlyLaila	herself involve prevent build	1
1261866	Av.  Jensen stage Zariah	exactlyDakotta	there ten at music	0
1261880	Av.  Lucas dead Lainey	processThea	level dark contain all	0
1261894	Urbanización  Landon serious Joanna	aJocelyn	agency become experience research	0
1261908	Urbanización  Dean every Arielle	heavyJacqueline	decision major us likely	0
1261922	Urbanización  Kolton collection Lainey	sinceEmory	year six knowledge election	0
1261936	Urbanización  Matthew note Gwendolyn	ownerDiana	record serious whole peace	1
1261950	Urbanización  Abel president Liliana	listHarlow	buy data direction receive	1
1261964	Urbanización  Dexter black Skye	oneAverie	likely product need down	1
1261978	Jr.  Hank anything Fiona	PMFatima	bit plant kitchen create	1
1261992	Jr.  Ari around Journee	deepDaniella	surface director energy example	0
1262006	Av.  Hugo also Gracie	newCassidy	learn Democrat us perform	1
1262020	Coronel  Tatum weight Brooklyn	eitherMiracle	eat hundred toward maybe	1
1262034	Jr.  Stephen pretty Penelope	organizationArya	threat give join maintain	0
1262048	Jr.  Jack throw Kylie	patternEmilia	ok family office what	1
1262062	Urbanización  Jeremy happy Liliana	scoreReese	whatever information purpose sea	0
1262076	Av.  Kamari foreign Alana	majorityAlexandria	family worry because help	0
1262090	Jr.  Rylan study Ashley	newsNora	write decide benefit shot	0
1262104	Urbanización  Lorenzo individual Alexina	enoughBriella	tree left final sense	1
1262118	Jr.  Matthew investment Amiyah	aheadRaegan	who fight leave main	1
1262132	Coronel  Devin research Aylin	federalBrooklynn	serious face authority position	1
1262146	Jr.  Nicholas increase Ava	reportKendall	full him more day	1
1262160	Urbanización  Kaden protect Briella	fatherLorelei	exactly bank need consider	1
1262174	Calle  Nico affect Serenity	bothEmma	purpose administration body city	1
1262188	Coronel  Ibrahim interest Daphne	whetherMyla	institution role store capital	1
1262202	Jr.  Odin less Jordana	largeJocelyn	number customer oh new	0
1262216	Av.  Leonidas product Leia	televisionSavannah	structure three private experience	1
1262230	Calle  Jett war Aria	includingLucille	reflect report fine few	1
1262244	Av.  Princeton term Nevaeh	gunAnaya	common model project benefit	0
1262258	Urbanización  Ronan movie Adelaide	studentPeiton	yes season exactly week	1
1262272	Av.  Jacob study Juliet	enjoyArabella	already violence story officer	0
1262286	Coronel  Gianni real Bailey	fatherNevaeh	bill industry assume material	1
1262300	Coronel  Elijah mission Elliana	leadKhloe	minute next debate inside	1
1262314	Calle  Johnny center Sloane	dataKeira	yet agree campaign class	1
1262328	Av.  Paxton attorney Joy	chargeAdelyn	media speak claim PM	1
1262342	Calle  Easton both Ember	holdElsie	industry food agree pick	1
1262356	Av.  Richard as Alayna	argueCarmen	report give instead employee	0
1262370	Av.  Santino along Camilla	relatePhynix	inside cultural position magazine	0
1262384	Calle  Keegan color Elizabeth	bringColette	himself even grow player	1
1262398	Calle  Charlie tax Braelynn	thereAylin	suffer want people discussion	1
1262412	Coronel  Felix light Rylie	helpReign	give mission significant remove	1
1262426	Urbanización  Kamden region Madeleine	andIzabella	current well alone score	1
1262440	Coronel  Elijah full Penelope	itselfScarlet	create leg whether interesting	0
1262454	Jr.  Jayden service Amina	wearMeadow	find number run focus	1
1262468	Urbanización  Jack hotel Phoebe	decisionElliana	our staff common race	0
1262482	Jr.  Angelo full Milani	almostMakayla	PM later reduce grow	0
1262496	Av.  Giovanni high Helen	whiteGenesis	lose live star might	0
1262510	Av.  River administration Skyler	debateJessica	enough truth the strong	0
1262524	Urbanización  Ashton civil Josie	rangeAriella	hospital ball appear system	0
1262538	Av.  Russell some Haven	officeKenzie	similar occur prepare company	1
1262552	Av.  Corbin shot Alaia	eitherElisa	might meeting already technology	0
1262566	Urbanización  Lorenzo parent Mabel	happyLyla	check season people education	1
1262580	Jr.  Reid lose Selah	familyGabriela	doctor send finger current	0
1262594	Jr.  Pablo resource Emilia	workKensley	Mr fall level team	1
1262608	Calle  Jorge sea Sienna	andBailey	peace indicate tell former	0
1262622	Urbanización  Jeremy final Amira	differenceAmara	bad something of action	1
1262636	Av.  Rafael economic Cali	treatScarlet	resource listen high best	1
1262650	Av.  Corbin she Nylah	propertyAva	increase fund anyone hair	1
1262664	Av.  Jake development Jayla	stuffIsabel	outside over report building	0
1262678	Urbanización  Raymond newspaper Makenna	yeahAmanda	want skill huge his	1
1262692	Calle  Desmond star Olive	collegeAngelean	while do street option	0
1262706	Av.  Enrique father Alexandria	areaKate	chance you value third	0
1262720	Calle  Kaden either Mila	ofOlive	single effort love thousand	1
1262734	Urbanización  Julius oil Olive	deathGwendolyn	lay quite bad certain	0
1262748	Coronel  Rory suffer Averie	forceAlayah	him religious nice son	0
1262762	Av.  Rhett usually Kayleigh	centerSerena	best big space hand	0
1262776	Calle  Nehemiah activity Rose	intoFreya	cost care institution live	0
1262790	Calle  Travis toward Raegan	passSamara	late live six type	0
1262804	Coronel  Jaxton else Haven	farFaith	herself car situation voice	0
1262818	Jr.  Eli effort Elizabeth	mustRenata	n't attorney whether establish	1
1262832	Coronel  Hayden Republican Marlee	clearlySaylor	air commercial ready name	0
1262846	Av.  Thomas fly Jessica	audienceAmira	region thing year recently	0
1262860	Jr.  Lincoln low Thea	expectJulia	under high bank property	1
1262874	Urbanización  Tatum prepare Allison	sixScarlett	at worry stop accept	1
1262888	Coronel  Maxwell whole Londyn	alongAngelean	support city from crime	0
1262902	Calle  Nico since Charleigh	certainlyViviana	remember own police enough	0
1262916	Jr.  Kairo raise Aurora	theseAmira	exactly meeting memory want	0
1262930	Calle  David sport Camilla	generationSummer	hour task stock begin	1
1262944	Coronel  Tate sea Sienna	edgeLeia	leg subject record after	0
1262958	Jr.  Leon staff Bianca	despiteWilla	movement receive social billion	1
1262972	Av.  Nash when Braelynn	callZoe	also eight heat make	1
1262986	Av.  Dominick half Summer	wrongRorie	home data quite let	0
1263000	Calle  Jonah much Valentina	factorLilly	question sea color let	1
1263014	Urbanización  Zachariah can Miriam	passLucille	military because amount pretty	0
1263028	Calle  Kyler his Rebecca	allowKaylee	parent man statement popular	1
1263042	Coronel  Luka leg Genesis	computerLucia	certainly with throughout full	1
1263056	Coronel  Roman notice Lila	happyRenata	then staff pattern society	0
1263070	Calle  Cohen must Camila	withinAllison	us many month where	1
1263084	Calle  Martin father Rachel	yourselfTessa	simple imagine involve buy	1
1263098	Calle  Keegan trade Evelynn	aheadMia	summer usually tend same	1
1263112	Av.  Lukas onto Annabelle	keepSophia	sing outside local research	0
1263126	Av.  Messiah report Kylie	suchJolene	Mr have natural subject	0
1263140	Jr.  Bryan power Evangeline	manyParis	difficult radio risk nothing	1
1263154	Av.  Cairo walk Fiona	scienceAnastasia	inside play little explain	1
1263168	Calle  Jett kitchen Joanna	medicalRyleigh	prove have government full	1
1263182	Urbanización  Gregory top Summer	sometimesLaura	describe administration boy remove	0
1263196	Jr.  Pierce pay Rowann	bankHannah	design machine sport make	1
1263210	Calle  Jonah quickly Allison	smileRuby	debate arrive read eat	1
1263224	Urbanización  Kash star Catalina	armMarley	much else even build	0
1263238	Calle  Pierce bar Nina	ideaColette	country improve result tonight	1
1263252	Jr.  Kevin hour Angelean	monthAbigail	thing through stand although	1
1263266	Calle  Enrique represent Morgan	MrAlani	reason prove all offer	1
1263280	Av.  Collin model Palmer	probablyJosie	should stage authority the	1
1263294	Coronel  Corbin seven Leia	todayXimena	ok station accept down	1
1263308	Calle  Caleb structure Cataleya	lieAudrey	audience indeed ability place	0
1263322	Calle  Nasir policy Regina	argueAthena	argue human already technology	1
1263336	Urbanización  Seth attack Daleyza	marriageCarolina	woman later night weight	1
1263350	Calle  Pablo gas Sloane	hearAmina	marriage past dog again	0
1263364	Calle  Cairo identify Helen	footNaomi	behavior commercial community your	1
1263378	Jr.  Maxwell street Rosemary	partnerBella	weapon set reflect win	0
1263392	Jr.  Troy figure Journey	thingAlison	choose increase field entire	0
1263406	Jr.  Russell next Stephanie	productionHazel	do goal world toward	1
1263420	Av.  Walter travel Bristol	lookDakotta	step network die firm	1
1263434	Coronel  Julius wrong Emily	middleHolly	certainly live produce major	0
1263448	Coronel  Kenneth dead Andrea	daughterLily	building leave blood clear	0
1263462	Calle  Garrett that Maeve	identifyAinsley	director now however general	1
1263476	Calle  Omar change Madeleine	questionGrace	one kill fund work	0
1263490	Av.  Philip management Aylin	affectXimena	as energy evidence another	1
1263504	Av.  Royal serious Harmony	stayMaliyah	anyone bit report analysis	1
1263518	Jr.  Nehemiah disease Leila	loveBrynn	drive approach color pay	1
1263532	Jr.  Diego with Journee	riskBailey	religious remain phone private	1
1263546	Calle  Russell defense Laura	reflectGracie	wonder experience upon fear	1
1263560	Coronel  Major fire Kathryn	flyCharlee	audience argue violence remain	1
1263574	Av.  Noah mouth Daniella	containNova	work say player manage	1
1263588	Calle  Camden since Gabriella	realityDakotta	most heavy style must	0
1263602	Urbanización  Spencer treatment Reagan	challengeJuniper	reveal power down while	1
1263616	Av.  Titus job Camryn	thoughtCharlotte	bar local traditional ahead	0
1263630	Urbanización  Lucas leg Stephanie	positiveMelissa	any off little section	1
1263644	Jr.  Jasper movement Matilda	awayEvelynn	question effort yet surface	0
1263658	Jr.  Axel develop Callie	sceneSummer	method quality sing right	0
1263672	Calle  Tanner death Kimberly	togetherCeleste	attention resource likely provide	1
1263686	Calle  Derek how Michelle	chargeFaith	sense kind room start	0
1263700	Jr.  Derrick family Renata	unitMila	phone yeah agency away	0
1263714	Urbanización  Franklin certainly Aaliyah	applyBrianna	although billion sort money	0
1263728	Jr.  Bradley consumer Averie	forWillow	agent wonder customer about	0
1263742	Urbanización  Dean catch Alaina	treeBrooke	force still safe figure	0
1263756	Urbanización  Matias begin Emma	internationalLexi	forget similar control pattern	0
1263770	Calle  Mateo natural Isabel	sellKaia	cup keep yes sort	0
1263784	Urbanización  Cade read Emely	millionMaisie	others key professional receive	1
1263798	Av.  Calvin case Gracie	lastAdeline	theory personal operation market	0
1263812	Urbanización  Dylan effect Sawyern	patternPeiton	red always state she	0
1263826	Urbanización  Grayson cultural Kinley	footReese	data fly amount professional	0
1263840	Jr.  Henry international Anastasia	fieldEliana	test goal blood various	0
1263854	Urbanización  Mario identify Eliana	collectionAlexina	child world free patient	1
1263868	Urbanización  Major cut Talia	toStephanie	area worker clearly great	0
1263882	Av.  Princeton pick Brianna	caseSelena	suggest for after development	1
1263896	Coronel  Eli figure Madelyn	particularlyIris	fast through paper until	0
1263910	Calle  Joseph wall Aubrey	nowMargaret	main ahead dinner present	1
1263924	Urbanización  Tanner seek Amora	candidateOlivia	man center onto their	0
1263938	Urbanización  Hendrix win Anastasia	riseAdalynn	cover guess culture shot	1
1263952	Calle  Ronan family Ximena	costNora	trouble around ahead far	1
1263966	Urbanización  Sergio gun Ayla	occurAlina	no teacher expert choose	1
1263980	Calle  Franklin shake Maeve	certainDaphne	movement drug certain it	0
1263994	Jr.  Emiliano stuff Alice	differenceCali	American discussion wife choice	1
1264008	Av.  Carlos enjoy Miracle	backCharlotte	dead still former time	1
1264022	Av.  Maverick think Josie	skillEmber	bad family according oh	0
1264036	Jr.  Theo would Leia	whoseMarley	night middle area could	1
1264050	Calle  Thomas herself Diana	interestSarah	open court yes significant	0
1264064	Av.  Brian federal Genesis	carAdelynn	southern bank reveal idea	1
1264078	Jr.  Gael send Jocelyn	doClara	customer to activity have	0
1264092	Calle  Gabriel home Holly	themAmaru	story movement plant avoid	1
1264106	Jr.  Jay toward Elizabeth	addressRyann	him exist add describe	0
1264120	Av.  Raymond century Iris	networkAdeline	product life off though	0
1264134	Urbanización  Calvin letter Aaliyah	PMSelah	result somebody use natural	1
1264148	Coronel  Malcolm help Palmer	sinceSelah	hope bring item send	1
1264162	Calle  Aaron painting Helen	landJuniper	country avoid clearly material	0
1264176	Calle  Waylon industry Finly	powerRylee	stage relate various course	0
1264190	Calle  Santiago also Sutton	messageEleanor	investment mission play image	0
1264204	Urbanización  Romeo go Brynn	happyEva	north moment authority this	1
1264218	Urbanización  Travis skin Sofia	leavePiper	fire low term market	0
1264232	Calle  Kyle charge Leia	newspaperViviana	tax avoid rise few	0
1264246	Urbanización  Aiden cell Leilani	buildingJulia	address deal society couple	0
1264260	Coronel  John represent Amelia	yeahAthena	fish sell represent but	1
1264274	Urbanización  Timothy mission Gia	soundLucille	his war few need	0
1264288	Av.  Finn all Eve	middleSkye	relate fire investment data	0
1264302	Calle  Raiden activity Harper	commercialCataleya	hundred require pass cost	0
1264316	Calle  Erik door Myla	priceDelaney	stock direction increase off	1
1264330	Coronel  Collin four Kira	behindTrinity	while eight question ability	1
1264344	Coronel  James start Kalani	townMaliyah	yeah form daughter ball	1
1264358	Urbanización  Nathan number Alayah	populationElianna	view clear ball notice	1
1264372	Av.  Jayceon environmental Emelia	bothAdeline	quickly stay drive support	0
1264386	Jr.  Avery third Paislee	optionLorelei	die test identify draw	0
1264400	Coronel  Cole data Gabrielle	pointEvangeline	when popular music news	0
1264414	Jr.  Adriel behavior Annalise	groupLuna	level attorney tough human	1
1264428	Coronel  Conner describe Alessandra	societyMaliyah	light population for issue	1
1264442	Urbanización  Dante feeling Emersan	siteIsabelle	go avoid establish style	0
1264456	Calle  Thomas without Reign	colorRaegan	green always act red	1
1264470	Calle  Gregory field Paige	levelRylie	grow relationship chair Congress	1
1264484	Calle  Hunter sense Evie	whileNayeli	price weight than serve	1
1264498	Jr.  Arthur movement Carmen	nowPiper	career everything couple travel	0
1264512	Av.  Malik help Zara	edgeKelsey	capital sort control after	0
1264526	Jr.  Dante responsibility Olive	keepAmelia	I according energy population	1
1264540	Jr.  Christopher realize Kayla	policeLuna	face newspaper summer north	0
1264554	Av.  Zachary authority Celine	thusJolene	they nearly theory TV	1
1264568	Urbanización  Hank woman Eloise	realityFatima	knowledge wear organization American	0
1264582	Jr.  Bowen main Sawyern	managerSloane	series sit group cold	0
1264596	Urbanización  Maximiliano explain Lainey	agentMila	middle easy end system	0
