Unión calmo989	2013-07-13 18:11:40	1	4
Campo ciencia302	2011-03-21 10:10:00	1	1
Electricidad Colores288	2010-10-10 17:05:44	1	2
Tornillos pasado10	2016-01-17 17:58:44	1	3
Ajuste cuánto815	2012-01-12 06:37:35	1	1
Construcción nuez687	2012-09-13 13:53:38	1	3
Relojería insecto349	2009-04-17 06:05:44	1	7
Montaje decisión79	2018-02-18 17:39:02	1	9
Corte actitud413	2009-02-06 08:55:07	1	6
Golpe acercar623	2005-09-20 07:57:37	1	7
Electricidad deprisa677	2018-07-28 18:06:24	1	7
Golpe solamente682	2006-11-14 07:28:25	1	2
Desbaste texto591	2005-08-11 08:02:25	1	1
De café132	2014-06-18 10:50:18	1	8
Carpintería aumento162	2016-12-08 10:35:18	1	5
Sujeción solicitud972	2005-03-15 12:57:38	1	4
Pintura tarde792	2015-04-21 08:08:56	1	7
Corte consumo918	2017-10-09 18:27:48	1	6
Tornillos pasado10	2005-10-09 11:07:51	1	10
Golpe sobre600	2016-04-22 07:08:26	1	2
Soldadura movimiento186	2012-03-04 16:46:38	1	5
Precisión memoria486	2005-06-15 07:33:07	1	1
Carpintería odiar,237	2016-11-06 11:00:57	1	3
Soldadura quinto174	2013-07-22 17:56:33	1	4
Jardinería Adjetivos420	2019-02-15 17:59:10	1	9
Mecánicas vuestra719	2017-09-16 17:52:14	1	8
Mecánicas consejo511	2010-05-17 13:17:35	1	5
Plomería autobús,828	2005-06-19 15:51:12	1	6
Unión segundo340	2016-03-14 13:06:40	1	10
Ajuste venir433	2017-04-13 07:22:21	1	1
Pintura es865	2010-09-18 10:20:42	1	9
Mecánicas mujer538	2018-01-10 06:44:03	1	10
Relojería último33	2014-03-09 13:47:25	1	9
Herrería yo517	2012-04-15 09:57:08	1	6
Montaje intento216	2012-05-08 20:33:31	1	8
Corte Objetos977	2015-04-12 11:40:14	1	6
Corte hogar309	2014-04-14 08:23:41	1	8
Corte familia757	2020-03-17 10:22:39	1	5
Plomería autobús,828	2011-08-19 07:15:36	1	9
Desbaste texto591	2015-12-06 13:35:04	1	8
Campo cuyo,823	2015-10-01 09:58:54	1	1
Carpintería dictadura867	2012-01-05 10:28:30	1	1
Campo rata107	2008-02-01 11:46:57	1	2
Pintura nuestra454	2012-08-05 15:15:41	1	9
Golpe tanto154	2011-12-08 09:01:16	1	5
Desbaste falso134	2010-07-16 09:18:57	1	1
Construcción además675	2020-11-24 10:39:18	1	9
Jardinería de754	2011-07-04 15:01:55	1	2
Campo libro108	2019-08-14 16:11:03	1	8
Carpintería unido438	2013-08-02 18:08:42	1	3
Campo transporte,97	2018-04-25 18:31:19	1	8
Relojería unido473	2008-01-26 10:03:54	1	6
Relojería consejo619	2016-08-13 16:00:08	1	10
Golpe político713	2017-03-04 18:08:28	1	10
Relojería ayudar680	2006-12-19 06:35:59	1	1
Sujeción Adjetivos80	2019-07-25 13:26:36	1	5
Electricidad utilizar580	2013-11-06 13:08:12	1	1
Mecánicas debajo157	2006-07-19 14:34:18	1	2
Soldadura aparecer195	2010-09-12 08:55:01	1	2
Electricidad elogiar656	2018-01-15 20:47:00	1	7
Cerrajería obra139	2019-10-07 16:09:45	1	2
Soldadura conciencia983	2017-07-06 06:48:59	1	9
Fijación personalidad730	2016-07-26 12:58:22	1	5
Ajuste semilla559	2018-01-13 06:57:35	1	7
Corte a206	2020-09-17 10:33:22	1	5
Campo color800	2019-01-11 18:54:02	1	6
Ajuste exterior60	2013-03-16 07:03:38	1	3
Golpe tarifa596	2008-02-01 15:44:22	1	10
Electricidad tratar313	2006-04-20 13:36:20	1	8
Ajuste galaxia605	2016-11-11 15:25:30	1	9
Ajuste conjunto872	2016-08-17 13:12:04	1	1
Multifunción jungla745	2017-10-27 14:34:36	1	4
Desbaste casa270	2006-10-20 13:05:22	1	4
Medición picante,330	2018-02-19 13:17:18	1	9
Fijación consigo194	2020-06-22 10:08:20	1	10
Medición carta935	2007-12-22 09:17:36	1	2
Precisión tener864	2006-01-04 14:22:20	1	10
Campo ómnibus127	2005-07-26 18:04:19	1	5
Medición carta935	2020-10-18 20:49:19	1	4
Tornillos diente178	2019-08-09 14:58:03	1	6
Unión extranjero173	2009-11-22 08:00:40	1	6
Medición solicitar296	2007-08-05 14:59:52	1	6
Soldadura puesto351	2011-01-25 09:53:09	1	1
Mecánicas quinto598	2008-05-01 08:57:08	1	10
Herrería atemorizado778	2009-03-11 07:36:07	1	6
Unión cultura859	2018-12-27 11:56:01	1	9
Cerrajería hierro98	2014-05-10 19:07:57	1	2
Pintura zapatilla343	2005-03-22 09:28:47	1	10
Construcción atún731	2007-09-24 20:43:49	1	4
De ninguna,246	2009-04-11 18:25:47	1	4
Precisión central299	2011-03-04 14:41:29	1	2
Fijación admirar,339	2018-05-16 10:47:40	1	4
Soldadura raro,428	2008-10-13 09:31:38	1	10
Golpe llevar50	2009-10-20 14:55:18	1	10
Jardinería terminar,54	2015-07-13 13:15:53	1	4
Precisión nos602	2016-06-19 16:36:14	1	4
Relojería general940	2010-02-02 07:55:15	1	2
Electricidad peor432	2012-07-19 15:24:15	1	8
Golpe interior615	2005-09-11 14:18:02	1	4
Construcción nivel779	2011-10-08 11:13:36	1	9
Montaje tras489	2012-11-25 11:36:14	1	1
Mecánicas avance790	2020-01-10 14:49:34	1	3
Ajuste revista759	2020-12-06 13:37:33	1	2
Relojería tanto119	2013-07-09 14:04:15	1	1
De espinilla982	2019-01-06 07:51:07	1	6
Fijación admirar,339	2011-08-23 11:26:31	1	2
Golpe tarifa596	2017-01-22 06:31:17	1	10
Campo cultura83	2008-08-17 08:23:18	1	8
Cerrajería cola170	2005-07-22 18:58:23	1	1
Relojería judías172	2015-10-11 17:20:46	1	9
Campo pasto257	2008-12-23 17:13:02	1	2
Campo año311	2010-06-22 11:48:55	1	8
Precisión nos602	2011-02-28 17:46:10	1	4
Construcción cantar431	2013-09-18 18:49:42	1	8
Mecánicas cremallera,919	2005-05-05 14:34:16	1	5
Soldadura construir601	2010-02-28 14:01:07	1	1
Multifunción acompañar4	2015-12-12 06:21:44	1	8
Soldadura ruta131	2009-03-27 15:51:02	1	5
Relojería representante110	2010-12-13 08:01:52	1	9
Soldadura algo608	2005-06-03 14:06:45	1	3
Campo solicitar552	2018-07-06 06:40:51	1	8
Electricidad sin179	2012-06-15 15:08:29	1	5
Jardinería seguir102	2016-07-10 07:43:39	1	7
Campo verde341	2018-12-09 09:48:55	1	6
Golpe de855	2010-11-18 08:32:32	1	4
Soldadura algo608	2005-10-04 16:49:06	1	6
Construcción forma996	2007-01-17 08:54:16	1	4
Corte así689	2005-05-19 11:50:25	1	1
Fijación lunes202	2012-05-06 15:49:58	1	1
Relojería cremallera,796	2005-11-07 16:23:18	1	5
Sujeción propósito788	2006-06-17 18:21:53	1	10
Herrería existencia345	2013-11-23 10:31:07	1	7
Herrería Otros426	2016-10-13 20:50:13	1	7
Cerrajería aquellas1	2007-04-25 07:17:49	1	1
Corte actitud413	2012-09-01 08:10:19	1	3
Multifunción nuestra483	2008-04-25 16:28:43	1	5
De brazo300	2008-04-13 11:58:37	1	9
Unión patatas363	2018-07-03 15:34:09	1	8
Ajuste estado811	2007-03-15 11:54:52	1	9
Cerrajería obra139	2005-11-06 12:16:39	1	6
Desbaste artístico784	2011-01-11 15:30:56	1	3
Golpe de547	2018-06-13 16:40:37	1	5
Construcción cremallera,913	2011-10-27 09:50:11	1	7
Desbaste cada964	2007-09-18 14:31:03	1	7
Electricidad un,795	2016-04-26 10:47:44	1	4
Campo éxtasis282	2009-01-14 09:29:05	1	2
Electricidad seguir250	2017-05-08 07:09:48	1	3
Golpe instituto686	2008-08-14 07:24:56	1	8
Medición sea19	2011-10-22 19:04:07	1	3
Ajuste caballero419	2020-08-15 06:09:24	1	8
Herrería acertado320	2019-01-21 09:10:12	1	7
Carpintería gracias82	2007-06-24 10:41:56	1	10
Montaje esas528	2005-01-28 07:52:21	1	2
Pintura selva953	2009-05-19 10:47:54	1	4
Plomería pensar150	2008-05-07 10:36:14	1	7
Relojería atender672	2018-10-26 10:29:20	1	9
Construcción nieta177	2010-04-03 12:53:31	1	3
Sujeción solicitud972	2010-09-25 12:29:06	1	3
Herrería acercar15	2020-05-08 09:20:59	1	3
Multifunción estado801	2010-07-17 15:04:08	1	1
Plomería trigo317	2008-07-21 18:26:49	1	8
Cerrajería obtener,980	2012-12-10 09:10:11	1	5
Herrería afectar974	2014-08-27 08:41:00	1	7
Relojería humanidad821	2011-07-01 13:59:19	1	8
Electricidad peor432	2017-01-26 11:29:32	1	4
Plomería esto749	2019-07-11 09:10:42	1	10
Herrería diverso724	2018-08-11 09:43:24	1	8
Carpintería gracias82	2018-08-06 14:06:47	1	6
Ajuste trancar590	2010-07-25 08:22:25	1	4
Electricidad según633	2013-03-13 08:19:05	1	9
De política911	2011-10-07 08:38:59	1	7
Jardinería Actividades452	2008-01-19 07:41:06	1	2
Precisión hoy329	2006-04-11 08:02:44	1	9
Construcción mujer723	2018-10-25 10:05:23	1	5
Construcción calzón94	2013-12-06 14:46:27	1	9
Mecánicas mesa927	2014-12-05 19:36:01	1	4
Montaje volver910	2016-08-04 08:42:53	1	8
Campo cuyo,823	2014-07-15 19:22:14	1	8
Desbaste cola966	2015-08-08 19:38:58	1	4
Ajuste semilla559	2014-08-07 17:36:36	1	8
Mecánicas mesa927	2010-01-23 18:52:26	1	8
De política911	2018-03-04 19:06:03	1	10
Precisión sociedad480	2019-04-25 12:45:15	1	2
Unión oreja8	2010-10-06 10:56:48	1	8
Tornillos especie165	2016-08-15 14:11:05	1	9
Mecánicas vuestra719	2020-09-16 19:34:04	1	9
Desbaste noche776	2014-03-23 12:02:38	1	1
Ajuste suave718	2006-10-27 15:45:08	1	9
Desbaste noticia761	2019-12-14 08:00:29	1	2
Multifunción imposible937	2013-02-11 09:30:17	1	6
Corte selva794	2020-05-22 18:41:21	1	1
Montaje principio383	2012-04-02 13:34:00	1	3
Medición calle562	2006-02-02 15:28:18	1	7
Cerrajería amargo256	2014-07-27 18:34:14	1	1
Construcción señora853	2009-11-23 12:03:27	1	5
Fijación café113	2010-03-19 08:06:26	1	3
Golpe acercar623	2014-10-17 06:12:28	1	6
Multifunción carne399	2015-09-21 17:17:46	1	8
Ajuste precio950	2008-10-03 12:09:50	1	7
Desbaste nacional144	2011-05-17 12:45:29	1	6
Ajuste universidad783	2009-11-26 06:56:26	1	6
Tornillos agregar845	2006-01-04 20:35:45	1	4
Sujeción diverso658	2006-11-16 12:33:12	1	7
Campo rata333	2018-11-23 14:37:07	1	10
Fijación café113	2009-08-13 14:23:51	1	1
Medición área409	2017-06-12 18:43:31	1	10
Cerrajería calzón109	2015-12-28 06:50:45	1	1
Ajuste cuánto815	2006-11-26 16:34:22	1	9
Jardinería dinero767	2017-06-04 17:57:29	1	5
Medición cordelcordón774	2009-06-06 17:03:11	1	8
Electricidad humanidad809	2018-02-21 15:52:59	1	7
Cerrajería y211	2007-10-12 19:25:16	1	9
Multifunción de914	2008-02-20 09:57:46	1	4
Fijación campo762	2020-03-23 07:16:20	1	2
Herrería ciencia158	2013-07-17 08:15:15	1	1
Precisión tener864	2005-01-13 20:11:53	1	7
Corte sensaciones684	2008-08-12 13:05:16	1	9
Campo color800	2016-01-07 17:59:55	1	6
Soldadura algo608	2017-09-25 11:24:55	1	5
Tornillos camiseta291	2019-03-09 18:10:53	1	7
Medición todo882	2020-12-22 13:35:15	1	2
Montaje blando366	2010-08-19 10:32:22	1	5
Soldadura quinto174	2009-06-04 16:01:09	1	4
Herrería ciencia158	2006-12-04 10:59:09	1	10
Plomería explicar923	2018-01-01 14:01:36	1	1
Relojería Adverbios377	2013-03-25 10:59:33	1	2
Medición todo882	2007-10-10 07:12:55	1	5
Multifunción marisco781	2013-01-06 14:00:21	1	3
Corte imagen424	2011-09-05 09:49:26	1	6
Montaje blando366	2008-11-16 16:06:11	1	1
Mecánicas vuestra719	2017-01-15 08:10:13	1	8
Sujeción cuadro255	2006-01-26 07:53:29	1	2
Precisión asustado,499	2014-06-28 09:53:57	1	8
Unión y514	2014-04-07 06:40:52	1	6
Multifunción lateral374	2018-04-14 12:09:08	1	9
Montaje río418	2009-06-10 17:53:35	1	6
Campo tarde640	2018-08-13 10:59:00	1	3
Construcción cantar431	2005-02-07 18:45:31	1	9
Relojería comprobar,425	2006-05-28 19:07:17	1	3
Electricidad almendra936	2018-04-17 13:48:05	1	3
Carpintería Adverbios903	2015-05-08 11:07:21	1	3
Herrería mariposa189	2011-03-06 06:45:05	1	10
Mecánicas ataque169	2009-12-05 08:06:26	1	9
Medición prima323	2019-04-07 15:53:01	1	7
Herrería mariposa189	2012-08-08 16:57:39	1	4
Golpe evaluar151	2006-01-12 18:06:21	1	9
Mecánicas diez766	2010-06-09 14:55:36	1	5
Pintura aumento525	2019-05-11 08:36:50	1	8
Herrería ciencia158	2006-07-24 08:35:39	1	2
Ajuste Adjetivos758	2014-09-07 18:38:54	1	6
Relojería atender672	2019-06-18 11:15:00	1	7
Multifunción jungla745	2018-03-11 08:18:35	1	1
Medición profesión856	2020-10-15 13:16:24	1	3
Sujeción japonés470	2015-04-28 19:24:23	1	9
Golpe solamente682	2020-02-23 06:17:34	1	10
Montaje nieta266	2017-06-22 15:27:46	1	9
Sujeción fabricar312	2005-11-05 18:21:44	1	4
Corte orden20	2009-03-19 17:19:12	1	1
Precisión sol87	2011-02-08 12:04:23	1	5
Precisión central299	2015-06-03 08:38:22	1	1
Unión segundo340	2011-05-22 11:42:26	1	9
Pintura Objetos900	2014-04-03 14:04:54	1	7
Pintura es865	2009-09-01 09:34:13	1	5
Construcción religión100	2013-04-21 11:10:49	1	5
Pintura superficie649	2012-04-08 20:28:30	1	8
Desbaste director281	2015-08-22 10:55:23	1	9
Multifunción carta74	2017-10-16 20:33:47	1	3
Herrería idea572	2015-03-06 09:43:51	1	3
Soldadura movimiento186	2020-09-18 20:49:54	1	2
Desbaste pesar207	2008-01-08 18:11:15	1	8
Soldadura automóvil,280	2009-09-01 10:54:26	1	5
Multifunción entender,63	2019-01-21 10:33:36	1	4
Plomería manera934	2016-01-02 12:08:33	1	6
Corte máquina276	2009-06-15 10:42:41	1	10
Medición utilizar355	2012-08-03 16:36:10	1	8
Medición desenvolver818	2010-10-07 10:11:02	1	1
Multifunción estado801	2011-09-15 07:09:00	1	4
Construcción forma996	2015-12-15 18:40:39	1	4
Mecánicas sobre149	2017-08-11 20:05:31	1	3
Medición ansioso563	2015-07-17 14:58:46	1	8
Ajuste venir433	2009-06-04 09:37:40	1	8
Ajuste Adjetivos616	2015-05-11 15:28:36	1	10
Golpe tierra592	2006-04-22 18:45:30	1	10
Montaje amplio161	2010-02-10 18:28:39	1	8
Relojería decisión890	2005-12-21 06:31:12	1	9
Soldadura quinto174	2007-01-18 13:14:19	1	2
Soldadura formación578	2007-02-01 16:18:53	1	7
Desbaste acertado971	2009-06-24 06:16:23	1	8
Corte máquina276	2019-04-16 06:56:22	1	5
Sujeción absoluto72	2018-08-20 11:44:49	1	5
Construcción comida912	2013-04-27 15:42:20	1	1
Herrería delgado242	2011-02-01 14:13:33	1	8
Medición acercar805	2015-10-14 14:37:51	1	1
Soldadura cualquiera388	2009-02-28 18:46:50	1	9
Mecánicas nuestro,993	2013-03-05 13:00:56	1	7
Fijación obligación960	2007-02-25 17:36:15	1	1
Soldadura sal750	2014-06-06 08:08:42	1	5
Campo longitud916	2013-02-11 10:29:53	1	4
Ajuste cambiar624	2010-11-27 12:05:51	1	4
Golpe picante,962	2017-04-22 18:41:11	1	6
Medición carta935	2010-01-09 06:50:52	1	9
Unión beber926	2012-03-17 13:32:39	1	2
Golpe delante508	2015-01-10 12:06:33	1	8
Corte lateral981	2017-01-01 15:32:09	1	4
Electricidad sin674	2009-09-11 10:08:02	1	10
Electricidad ruta663	2020-09-18 13:38:59	1	3
Campo éxtasis282	2006-06-24 18:03:10	1	5
Unión empatía725	2017-06-08 09:27:23	1	9
Relojería Adverbios836	2020-06-18 09:28:05	1	6
Carpintería grupo304	2015-08-22 06:37:39	1	5
Sujeción precisar2	2014-05-15 19:29:10	1	3
Jardinería encontrar907	2014-05-17 15:35:00	1	8
Desbaste cama709	2005-05-05 20:48:29	1	6
Montaje cebada710	2011-12-26 16:27:12	1	10
Herrería camisa905	2016-01-07 16:50:39	1	8
Sujeción rojo676	2010-04-03 06:26:21	1	4
Construcción probablemente27	2020-07-03 10:29:13	1	2
Ajuste despertar362	2010-04-15 13:33:30	1	6
Carpintería sorpresa96	2006-05-10 06:40:05	1	1
Cerrajería obra139	2010-04-19 20:02:04	1	4
Construcción probablemente27	2019-05-09 08:23:38	1	8
Medición picante,330	2012-05-23 06:59:41	1	3
Cerrajería hierro98	2007-04-21 18:53:03	1	2
Corte selva794	2009-10-21 07:53:04	1	1
Unión solitario487	2016-05-22 19:29:28	1	6
Sujeción vista654	2014-02-28 13:50:34	1	7
Herrería delgado242	2008-09-03 15:31:32	1	4
Ajuste y522	2005-02-08 07:52:06	1	1
Fijación escuchar375	2017-06-23 12:33:00	1	6
Multifunción colegio95	2014-07-17 11:26:20	1	3
Electricidad Pronombres479	2013-06-05 17:43:46	1	7
De fecha421	2009-02-25 17:46:03	1	2
De anciana42	2009-04-25 12:14:05	1	4
Campo cansancio721	2014-02-20 11:22:07	1	1
Precisión culo995	2009-02-05 14:47:45	1	2
Golpe solo,957	2010-06-12 07:19:21	1	7
Golpe cocodrilo208	2020-08-03 16:17:02	1	7
Mecánicas diez766	2005-06-01 17:56:27	1	5
Multifunción lateral374	2009-10-19 17:20:18	1	9
Golpe sorprendido760	2007-08-03 07:36:11	1	5
Golpe comunicación765	2020-06-06 14:33:28	1	4
Medición guerra534	2015-12-19 16:31:44	1	2
Sujeción sobre271	2011-12-18 07:02:12	1	8
Mecánicas bosque51	2016-01-22 10:17:58	1	5
Unión oreja8	2016-08-28 07:52:12	1	1
Jardinería seguridad655	2011-08-10 19:34:16	1	9
Desbaste cada964	2010-11-18 17:20:35	1	5
Desbaste deprisa293	2011-02-08 18:35:18	1	2
Cerrajería político229	2008-01-28 08:39:25	1	9
Tornillos bus,446	2018-07-09 12:45:31	1	10
Golpe acción397	2019-04-08 12:54:22	1	9
Electricidad francés373	2019-10-02 06:09:14	1	5
Electricidad delicioso,714	2006-07-11 17:42:50	1	2
Ajuste trancar590	2012-11-27 07:28:59	1	1
Campo comprender387	2009-10-27 18:47:54	1	4
Pintura hacia537	2011-05-01 06:56:43	1	10
Soldadura diez76	2017-08-22 15:36:25	1	5
Corte actitud413	2006-03-12 19:22:25	1	4
Herrería panel275	2011-10-01 13:35:59	1	8
Golpe particular594	2014-05-13 12:38:56	1	10
Multifunción situación579	2006-11-08 10:43:21	1	3
Carpintería pie125	2011-11-26 10:19:29	1	10
Medición picante,330	2019-01-14 06:28:23	1	6
Ajuste capital430	2012-05-08 10:04:49	1	10
Sujeción solicitud972	2007-06-23 12:02:24	1	7
Pintura panel342	2009-04-22 14:58:40	1	2
Herrería ley56	2010-04-02 13:11:18	1	7
Multifunción tal398	2007-07-02 20:53:37	1	3
Cerrajería por896	2014-05-01 09:51:18	1	10
Campo señor166	2019-10-03 16:51:59	1	1
Soldadura movimiento186	2016-03-01 18:23:04	1	8
Unión sugerir406	2005-06-17 13:28:13	1	1
Construcción origen,212	2007-07-17 18:12:44	1	8
Soldadura mercado253	2012-02-26 14:46:36	1	7
Plomería solución571	2011-12-14 15:02:53	1	3
Jardinería kilómetro557	2019-02-05 16:01:35	1	3
Desbaste director281	2013-05-15 11:31:51	1	3
Fijación consigo194	2017-09-18 15:12:43	1	9
Desbaste a,506	2013-01-28 20:50:29	1	9
Carpintería Adverbios903	2018-01-27 08:15:43	1	5
Jardinería Actividades452	2015-10-23 20:49:29	1	10
De espinilla982	2008-11-13 16:18:25	1	5
Multifunción entender,63	2015-05-28 20:05:05	1	10
Pintura sencillo617	2015-02-08 13:36:24	1	7
Multifunción acaso947	2006-02-17 13:11:54	1	2
Carpintería vuestra64	2005-08-15 08:52:38	1	9
Golpe tarifa596	2008-02-10 07:05:45	1	1
Cerrajería gallina344	2008-12-06 08:01:59	1	10
Soldadura existir668	2016-07-01 10:51:10	1	10
Montaje bisnieta272	2018-08-09 08:39:57	1	6
Soldadura culo540	2007-06-24 07:06:15	1	5
Desbaste pantalón370	2007-09-15 09:31:40	1	9
Ajuste galaxia605	2016-07-18 15:52:30	1	1
Medición solicitar296	2009-05-10 07:15:42	1	2
Golpe escuela956	2014-09-07 08:58:13	1	5
Corte a206	2007-08-25 07:01:12	1	8
Multifunción lateral374	2015-09-12 13:09:25	1	2
Unión progreso230	2017-06-15 19:56:05	1	1
Corte esto308	2011-02-19 11:08:17	1	1
Herrería dirección678	2010-02-12 19:58:42	1	10
Relojería menudo697	2011-04-04 17:31:52	1	2
Sujeción competencia415	2006-02-08 19:33:49	1	3
Campo nosotros,368	2005-02-21 16:05:48	1	9
Soldadura Lenguaje123	2016-10-25 11:56:33	1	10
Relojería judías172	2016-12-21 08:36:26	1	4
Electricidad despacio490	2018-03-16 11:40:59	1	8
Golpe sorprendido760	2018-04-13 09:44:40	1	9
Corte acercar510	2008-04-18 15:30:04	1	7
Corte construcción662	2015-05-26 11:00:04	1	6
Carpintería solitario569	2010-04-16 11:30:40	1	4
Medición interrupción482	2015-04-02 07:02:41	1	4
Campo pasto257	2016-08-12 10:25:44	1	7
Jardinería dinero767	2013-07-08 18:17:34	1	9
Relojería movimiento334	2013-02-04 18:36:42	1	9
Herrería rata235	2018-09-23 09:02:55	1	10
Campo cadera959	2019-08-19 20:34:17	1	8
Montaje camarón595	2015-11-25 15:39:51	1	2
Unión cultura859	2007-08-04 19:08:13	1	8
Multifunción carta74	2007-08-19 16:15:07	1	1
De penúltimo429	2015-07-03 09:52:59	1	10
Relojería atender672	2007-10-04 17:55:56	1	3
Sujeción sobre271	2019-05-18 13:03:08	1	5
Construcción metálico884	2017-10-18 11:13:59	1	2
Electricidad despacio490	2017-05-23 07:32:52	1	2
Medición mejora13	2016-08-03 13:12:58	1	9
Multifunción de,651	2011-04-13 19:15:58	1	9
Fijación Sustantivos544	2013-02-06 14:33:33	1	4
Campo pedir,727	2013-03-06 19:31:24	1	5
Medición carta935	2010-12-13 11:33:51	1	3
Fijación escuchar375	2007-04-24 09:41:52	1	2
Cerrajería obtener,980	2005-08-07 18:11:01	1	9
Campo verde341	2017-05-21 11:25:18	1	4
Multifunción vos878	2010-04-20 07:05:35	1	2
Herrería morder148	2008-01-09 14:13:36	1	10
Cerrajería comparar249	2005-07-02 18:20:43	1	9
Campo transporte,97	2015-08-19 14:50:08	1	8
Medición reciente611	2007-07-22 10:57:59	1	7
De ninguna,246	2017-07-08 18:41:56	1	5
Cerrajería comparar249	2015-11-02 13:32:41	1	1
Precisión sol87	2020-11-08 09:29:42	1	6
Construcción nieta177	2011-02-11 17:27:41	1	6
Campo de475	2009-03-16 19:01:36	1	4
Plomería trancar752	2020-04-26 20:05:49	1	9
Electricidad fácilmente835	2017-06-04 11:59:49	1	1
Corte obtener,104	2008-10-13 16:20:13	1	4
Medición cordelcordón774	2007-02-28 10:09:42	1	5
Fijación allí629	2017-08-25 17:49:00	1	3
Carpintería Plantas187	2020-01-25 13:00:22	1	7
Jardinería kilo396	2018-05-11 13:45:13	1	9
Jardinería cámara879	2011-06-09 13:34:55	1	9
Relojería nada259	2018-06-13 06:32:05	1	6
Carpintería mediodía529	2014-12-27 08:36:26	1	4
Carpintería gracias82	2015-07-15 20:34:51	1	3
Relojería nada259	2010-02-16 18:45:45	1	5
Campo norma645	2011-09-05 17:58:42	1	10
Desbaste escultura933	2012-03-06 18:13:27	1	9
Precisión sol87	2009-01-16 06:12:03	1	8
Golpe diarrea941	2009-08-12 13:54:32	1	5
Cerrajería falta353	2006-01-25 08:57:03	1	5
Ajuste caballero419	2008-09-06 16:17:20	1	2
Campo blanco707	2005-04-28 06:21:10	1	4
Precisión sol87	2010-08-17 16:11:53	1	8
Tornillos cercano963	2010-06-11 13:14:26	1	4
Ajuste razón14	2006-02-24 14:02:49	1	1
Ajuste semilla559	2005-12-24 10:07:37	1	3
Golpe acierto814	2010-11-23 06:38:57	1	4
Multifunción vida241	2015-02-05 20:27:38	1	3
Ajuste Adjetivos616	2014-08-08 19:07:16	1	4
Ajuste semilla559	2011-10-06 12:47:28	1	9
Sujeción propósito788	2016-07-12 19:36:38	1	7
Pintura bus,306	2015-05-28 13:42:07	1	3
Pintura rodilla847	2012-07-22 12:39:56	1	2
Fijación metro451	2011-09-20 18:30:25	1	8
Sujeción competencia415	2012-11-14 11:33:47	1	4
Ajuste razón14	2006-07-09 10:45:21	1	6
Desbaste texto591	2007-08-19 14:11:55	1	5
Unión águila36	2008-12-14 07:33:27	1	2
Herrería diverso724	2014-09-14 19:46:54	1	7
Herrería centímetro39	2012-11-22 19:44:13	1	4
Relojería insecto349	2015-10-21 16:06:19	1	5
Construcción calzón94	2019-09-07 13:21:52	1	4
Electricidad amplio24	2012-01-27 17:13:20	1	9
Pintura del804	2018-07-27 06:54:08	1	6
Fijación ubicación403	2011-01-26 12:52:30	1	4
Plomería sin546	2010-09-28 08:01:32	1	7
Sujeción manera632	2006-11-03 06:53:57	1	2
Ajuste compacto863	2014-04-27 12:32:26	1	9
Cerrajería morir564	2015-07-17 16:57:50	1	2
Plomería rural456	2010-06-16 08:49:27	1	10
Jardinería palma567	2005-05-10 17:55:03	1	2
Montaje nieta266	2013-02-20 08:42:41	1	9
Carpintería mostrar35	2020-06-05 13:39:06	1	5
Unión figura565	2009-04-12 20:20:32	1	8
Desbaste pantalón370	2008-08-23 07:38:09	1	1
Pintura hacia537	2007-04-16 10:15:28	1	7
Precisión boleto268	2012-03-13 15:36:20	1	3
Pintura capaz284	2016-07-09 08:08:52	1	1
Relojería representante110	2018-11-15 16:27:36	1	2
Corte selva794	2013-05-15 07:49:35	1	2
Montaje Adjetivos704	2006-08-21 12:56:04	1	5
Electricidad abrir,338	2011-06-19 06:21:04	1	2
Campo pasto257	2006-02-07 07:41:22	1	6
Ajuste actividad985	2018-06-16 07:26:19	1	3
Carpintería sorpresa96	2010-01-08 11:47:07	1	4
Sujeción precisar2	2020-06-15 11:53:56	1	1
Plomería palma987	2017-08-21 10:23:56	1	2
Golpe acercar623	2009-04-28 16:14:21	1	9
Mecánicas aire738	2007-07-17 15:50:46	1	4
Cerrajería quitar,504	2012-07-25 18:21:46	1	2
Construcción cantar431	2006-02-24 13:16:19	1	2
Golpe sector462	2007-10-15 08:25:59	1	9
Desbaste noche776	2007-03-28 16:06:37	1	6
Multifunción cero16	2019-04-22 11:15:13	1	3
Multifunción nuestra483	2012-03-03 20:09:02	1	9
Precisión otras639	2015-01-17 11:20:47	1	9
Plomería subterráneo,930	2013-11-10 19:32:07	1	6
Corte Transportes688	2019-07-24 16:36:51	1	2
Medición respuesta389	2017-03-14 13:36:26	1	10
Precisión amarillo267	2015-03-09 14:38:26	1	4
Desbaste mañana924	2018-08-27 09:49:13	1	7
Mecánicas deterioro621	2017-05-23 13:22:18	1	10
De brazo141	2018-06-14 18:48:34	1	1
Unión intento401	2014-03-20 09:47:23	1	8
Plomería fuente458	2016-12-08 18:21:49	1	7
Fijación consigo194	2015-02-17 13:02:54	1	3
Corte selva794	2005-11-04 10:28:14	1	7
Soldadura cualquiera388	2009-02-18 11:56:39	1	4
Precisión regional518	2011-08-02 20:41:36	1	2
De cine168	2010-01-03 14:33:45	1	10
Relojería general940	2007-11-08 13:19:30	1	4
Herrería don929	2005-06-19 19:42:40	1	4
Fijación escuchar375	2013-08-08 11:49:52	1	8
De flor305	2012-11-09 06:58:58	1	9
Multifunción acaso947	2019-12-01 18:02:07	1	10
Soldadura de642	2017-05-09 06:12:42	1	6
Unión sugerir406	2019-06-06 12:10:14	1	2
Golpe cuánto523	2008-01-14 10:33:21	1	6
Construcción aguja636	2017-09-13 10:52:26	1	7
Golpe comunicación765	2014-08-03 16:41:41	1	5
Campo de475	2012-02-07 15:50:29	1	3
Precisión a65	2011-08-09 14:33:58	1	1
Plomería pantalla359	2015-04-09 13:18:56	1	3
Campo carretera831	2020-07-21 16:24:28	1	2
Montaje nieta266	2007-07-19 07:46:09	1	3
Electricidad confianza48	2010-09-03 07:19:12	1	4
Herrería panel275	2019-08-14 20:56:28	1	10
Sujeción cuadro255	2008-07-04 14:19:07	1	6
Herrería lanzar606	2013-09-12 09:12:32	1	5
Plomería de252	2010-03-21 16:12:24	1	8
Medición como764	2006-06-10 06:06:09	1	8
Electricidad salud455	2020-04-09 06:35:32	1	1
Herrería montaña906	2006-01-18 06:36:56	1	8
Cerrajería clavo217	2006-12-09 08:45:20	1	6
Carpintería unido438	2007-08-26 10:17:36	1	5
Electricidad seguir250	2011-07-16 08:53:02	1	2
Desbaste diagonal574	2012-10-17 08:53:16	1	7
Multifunción situación579	2018-09-03 10:29:36	1	2
Ajuste actividad985	2009-02-24 10:53:37	1	2
Multifunción realidad722	2019-05-26 06:46:03	1	1
Mecánicas nuestro,993	2007-12-22 17:31:04	1	7
Herrería camisa905	2005-07-23 09:39:36	1	6
Mecánicas avance790	2016-12-08 08:22:41	1	9
Electricidad abrir,338	2009-04-06 17:26:19	1	6
Medición y620	2006-07-18 16:05:43	1	10
Desbaste nacional144	2016-03-06 09:38:15	1	5
Campo información164	2016-10-14 10:27:47	1	1
Mecánicas quinto598	2012-03-27 17:28:15	1	10
Ajuste razón14	2005-07-12 07:09:07	1	5
Precisión vuestra156	2005-12-08 19:01:21	1	8
Jardinería tristeza159	2014-01-08 10:34:37	1	8
Tornillos ambos700	2012-06-06 13:17:12	1	5
Ajuste exterior60	2014-06-13 06:52:28	1	5
Herrería exterior712	2012-11-22 16:38:45	1	4
Golpe diarrea941	2018-06-07 09:27:57	1	8
Montaje nieta266	2019-08-04 19:33:07	1	10
Ajuste jugar238	2018-05-11 08:18:27	1	9
Desbaste fábrica34	2016-11-20 06:35:41	1	5
Golpe tanto154	2016-04-04 08:59:27	1	7
Precisión despacio18	2007-04-14 13:03:36	1	2
Electricidad destrucción550	2015-06-26 15:30:16	1	10
Cerrajería clavo217	2006-05-06 12:39:30	1	4
Herrería dirección678	2012-11-02 12:59:00	1	4
Ajuste semilla559	2018-02-02 13:45:09	1	8
Mecánicas debajo157	2019-03-22 17:41:11	1	2
Desbaste paso782	2008-06-11 11:35:17	1	4
Mecánicas ataque169	2018-01-12 19:08:19	1	10
Tornillos escalera908	2007-08-20 08:20:38	1	3
Herrería delgado242	2013-01-10 19:29:53	1	1
Precisión tamaño870	2014-01-20 09:56:12	1	6
Construcción año214	2020-09-18 13:55:22	1	1
Tornillos conocida994	2007-10-01 16:06:46	1	5
Golpe semilla447	2006-02-14 12:58:30	1	1
De ninguna,246	2020-02-03 14:39:33	1	2
Golpe solo,957	2019-06-21 12:32:36	1	10
Montaje cuestión922	2016-12-18 17:32:30	1	9
Herrería centímetro39	2006-10-07 17:25:07	1	3
Jardinería cerebro909	2018-12-04 09:49:54	1	8
Precisión hilo77	2017-10-25 18:55:37	1	1
Construcción nuez687	2017-12-21 18:10:29	1	1
Campo ni67	2019-10-11 08:40:34	1	10
Fijación imposible441	2014-06-05 14:24:32	1	8
Plomería doblar666	2012-08-20 17:58:33	1	2
Cerrajería clavo217	2020-10-10 16:47:41	1	4
Ajuste revista759	2005-03-08 09:10:13	1	2
De brazo300	2014-08-10 08:17:44	1	1
Jardinería usted777	2006-07-19 19:13:31	1	4
Precisión nacer298	2011-06-26 13:22:02	1	6
Plomería obtener,279	2011-06-21 10:12:18	1	8
Ajuste actividad985	2019-11-05 17:16:39	1	5
Mecánicas patear357	2005-01-14 17:04:16	1	3
Mecánicas incorrecto,717	2018-07-10 12:45:16	1	5
Jardinería significar641	2005-12-09 10:34:11	1	6
Sujeción oler58	2015-09-28 10:53:21	1	6
Electricidad peor432	2011-07-01 11:47:56	1	8
Pintura nuestra454	2017-06-22 19:10:56	1	3
Herrería antes233	2013-01-17 08:42:21	1	1
Unión relación81	2020-03-11 20:09:32	1	5
Jardinería mayoría365	2015-11-27 10:52:26	1	3
Ajuste regional176	2013-02-11 15:04:29	1	7
Jardinería golpear512	2005-06-23 16:19:14	1	2
Pintura unido533	2005-10-26 13:17:16	1	6
Multifunción estado801	2012-06-27 16:56:47	1	7
Cerrajería mejora384	2018-08-18 13:37:07	1	1
Desbaste texto591	2015-08-02 13:01:34	1	1
Cerrajería tamaño354	2011-12-02 12:20:47	1	2
Construcción araña440	2017-03-20 12:44:49	1	8
Ajuste cambiar624	2012-07-03 16:04:04	1	1
Electricidad seguir250	2011-01-22 15:31:31	1	4
Pintura control799	2005-02-05 10:51:15	1	3
Cerrajería auto991	2010-07-04 09:45:11	1	8
Montaje cebada710	2013-02-08 19:09:43	1	10
Relojería inicialmente316	2008-05-14 12:15:47	1	9
Carpintería dictadura867	2009-05-23 07:15:48	1	1
Relojería oro464	2018-11-03 15:12:49	1	5
Desbaste noticia761	2014-03-15 09:07:27	1	8
Multifunción decisión701	2008-04-07 20:41:00	1	2
Desbaste noche776	2012-08-03 16:04:38	1	5
Tornillos alfabeto303	2018-08-10 07:27:44	1	8
Unión y514	2006-10-05 07:44:06	1	5
Ajuste semilla559	2019-11-22 08:34:16	1	9
Mecánicas consejo511	2008-10-13 07:38:20	1	2
Campo calidad819	2006-03-17 07:33:29	1	7
Cerrajería expresión3	2007-02-06 12:48:56	1	2
Relojería incorrecto,841	2009-12-02 11:34:55	1	8
Plomería chino106	2011-10-17 12:53:13	1	7
Campo faltar772	2007-06-04 12:43:56	1	9
Multifunción siguiente952	2011-05-18 08:54:42	1	10
Relojería incorrecto,841	2008-04-20 13:20:51	1	4
Ajuste Adjetivos616	2010-04-10 20:54:37	1	1
Golpe acercar623	2014-11-16 15:34:37	1	4
Mecánicas formación130	2018-11-05 17:09:09	1	1
Herrería rata235	2018-02-21 06:58:19	1	8
Campo cabello223	2013-09-11 18:43:46	1	5
Soldadura automóvil,280	2005-06-13 09:35:47	1	4
Corte tal737	2020-08-19 06:14:02	1	4
Mecánicas entristecerse378	2007-05-18 19:30:25	1	8
Fijación que657	2011-04-19 10:00:30	1	4
Montaje río418	2007-02-12 12:35:02	1	2
Medición calle562	2008-06-09 06:26:40	1	6
Construcción le,292	2010-02-26 18:07:07	1	7
Campo transporte,97	2012-10-25 09:33:12	1	1
Campo libro108	2019-05-05 18:19:26	1	9
Cerrajería palabra234	2011-09-14 16:31:42	1	7
Herrería automóvil,269	2011-09-12 15:15:47	1	2
Desbaste cola966	2008-12-19 17:36:52	1	4
Mecánicas entristecerse378	2007-11-24 09:17:57	1	1
Desbaste mejor661	2014-10-28 08:34:47	1	1
Cerrajería hierro98	2017-10-09 14:32:07	1	7
Electricidad siquiera260	2011-08-03 09:07:30	1	7
Tornillos público,290	2020-11-17 20:00:11	1	3
Pintura grueso46	2005-01-19 19:44:46	1	7
Medición ansioso563	2012-10-20 17:01:16	1	9
Mecánicas vuestra719	2008-11-03 12:12:21	1	6
Campo solicitar552	2006-10-14 16:01:35	1	3
Tornillos conocida994	2018-11-02 12:34:05	1	9
Corte orden20	2006-03-01 18:12:24	1	7
Corte calamar751	2017-04-17 09:15:09	1	3
Corte acercar510	2018-03-04 19:33:41	1	7
Precisión ninguno,327	2010-05-07 06:26:04	1	1
Campo instituto860	2016-04-09 10:39:05	1	3
Sujeción sobre271	2011-05-24 07:37:42	1	8
Campo blanco707	2010-07-09 16:36:24	1	9
Cerrajería progreso478	2010-01-16 09:23:21	1	7
Sujeción lanzar744	2005-02-19 12:59:05	1	1
Carpintería situación133	2007-06-25 19:27:55	1	10
Golpe altura515	2017-05-17 08:04:32	1	9
Multifunción arte622	2008-01-07 12:57:17	1	8
De verdad741	2006-12-09 09:29:39	1	9
Medición reciente611	2013-10-28 10:23:25	1	2
Herrería hoja673	2013-07-02 06:54:06	1	1
Montaje favor493	2013-10-10 14:48:15	1	6
Plomería trancar752	2008-12-08 14:55:33	1	3
Campo político851	2009-02-07 19:39:58	1	10
Desbaste pantalón370	2013-07-09 14:03:16	1	6
Multifunción cero16	2020-02-24 10:43:48	1	5
Multifunción espalda239	2006-02-10 10:47:01	1	1
Desbaste seguramente854	2008-11-14 07:21:30	1	2
Desbaste salado584	2014-06-17 17:39:10	1	10
Corte pareja873	2014-12-05 19:50:39	1	7
Construcción mujer723	2010-06-15 08:17:08	1	10
Sujeción cuadro255	2015-06-08 13:24:55	1	3
Unión añadir,364	2009-12-21 15:10:03	1	5
Tornillos pasado10	2005-12-15 08:11:26	1	3
Golpe tanto154	2016-10-28 07:00:13	1	5
Sujeción seguir423	2016-08-18 17:21:13	1	1
Carpintería municipio434	2008-12-02 07:02:38	1	10
Desbaste nacional144	2018-04-13 17:16:39	1	10
Corte amor476	2011-09-23 08:12:43	1	10
Soldadura ruta131	2011-01-04 20:41:26	1	2
Plomería fuente458	2010-11-12 08:47:12	1	10
Soldadura reunirse637	2008-09-15 09:09:04	1	6
Cerrajería oficina881	2018-01-09 09:41:13	1	8
Relojería arroz0	2019-05-22 13:02:19	1	8
Montaje suave753	2014-03-18 12:01:21	1	8
Fijación búsqueda848	2013-02-11 18:00:57	1	10
Electricidad vez609	2008-01-17 14:06:42	1	2
Jardinería comisión142	2020-03-22 07:23:59	1	2
Ajuste exterior60	2014-11-09 07:39:52	1	10
De penúltimo429	2006-05-09 11:40:17	1	7
Soldadura culo540	2014-01-15 08:50:33	1	10
Soldadura hoja262	2017-03-23 12:23:54	1	8
Corte universal561	2008-06-27 06:59:35	1	6
Pintura nuestra928	2009-08-24 10:44:57	1	2
Precisión fabricar232	2011-01-07 06:39:29	1	6
Soldadura conciencia983	2007-08-11 10:56:25	1	4
Campo sin876	2020-08-19 09:09:33	1	5
Multifunción arrojar422	2019-11-21 07:44:24	1	7
Corte orden20	2020-12-27 08:01:28	1	2
Plomería débil278	2013-02-27 20:51:18	1	6
Pintura atención197	2016-07-22 10:40:02	1	10
Montaje de,763	2011-08-11 13:09:44	1	1
Construcción aguja636	2017-08-07 09:05:19	1	4
Unión celeste844	2018-12-21 06:49:05	1	1
Campo éxtasis282	2019-12-24 11:26:15	1	7
Medición milenio842	2011-06-16 19:10:34	1	10
Pintura del804	2005-07-09 10:34:59	1	6
Soldadura significado807	2011-11-12 08:40:47	1	1
Unión extranjero173	2015-02-03 07:52:31	1	5
Mecánicas añadir,277	2012-02-14 18:26:59	1	8
Relojería departamento471	2015-10-04 19:15:48	1	1
Mecánicas consejo511	2018-05-04 13:39:32	1	7
Sujeción libro52	2014-04-16 09:48:22	1	3
De política911	2016-11-04 16:49:01	1	5
Construcción largo,435	2011-06-13 10:57:52	1	2
Multifunción vos878	2010-01-09 16:06:07	1	6
Carpintería iniciar,875	2011-06-24 19:51:24	1	9
Construcción atún731	2015-02-15 10:20:25	1	3
Medición solicitar296	2005-06-07 13:47:24	1	4
Golpe guisantes117	2017-09-07 12:06:53	1	8
Precisión consejo289	2007-11-12 06:32:54	1	5
Carpintería retroceso527	2011-09-21 08:44:47	1	7
Mecánicas cerdo530	2005-10-17 13:56:39	1	9
Corte dado126	2008-11-09 18:58:06	1	6
Fijación personalidad730	2017-01-24 08:52:15	1	7
Sujeción clavar931	2017-02-15 19:16:39	1	1
Golpe escuela956	2016-08-22 15:13:05	1	4
Ajuste venir433	2009-07-12 10:41:40	1	1
Golpe mayoría728	2018-05-09 16:35:53	1	3
Corte junto45	2009-09-27 06:54:18	1	2
Montaje río418	2006-05-25 14:51:05	1	10
Cerrajería oficina881	2008-12-22 06:38:16	1	9
Multifunción entender,63	2013-11-09 16:05:33	1	1
De espinilla982	2014-03-09 15:29:23	1	10
Montaje principio383	2015-06-08 08:02:15	1	8
Desbaste paz263	2019-10-17 12:55:50	1	2
Plomería querer861	2006-10-06 10:41:01	1	5
Pintura frontal466	2019-12-15 14:57:16	1	8
Soldadura culo540	2017-11-03 19:54:45	1	6
Precisión sociedad480	2012-04-01 20:40:38	1	10
Cerrajería nuestra917	2019-06-26 13:18:44	1	5
Jardinería kilo396	2010-06-27 08:48:52	1	1
Pintura Objetos900	2020-09-14 15:21:03	1	1
Precisión nos602	2009-09-15 06:57:49	1	4
Multifunción carne399	2019-08-13 11:27:25	1	6
Construcción nieta177	2014-07-19 14:51:56	1	10
Cerrajería clavo217	2016-04-04 12:22:07	1	9
Precisión Adverbios830	2006-05-06 14:09:56	1	5
Jardinería cerebro909	2014-11-25 13:31:11	1	5
Herrería acordar335	2008-02-14 08:37:18	1	1
Electricidad utilizar580	2009-03-21 07:46:22	1	7
Construcción nosotras69	2009-08-08 12:45:53	1	3
Relojería arroz0	2007-11-26 10:28:53	1	9
Electricidad hilo720	2010-05-21 13:08:59	1	8
Desbaste deprisa293	2011-10-22 06:59:14	1	1
Corte dado958	2007-03-08 12:56:28	1	1
Corte imagen424	2017-01-10 09:48:19	1	9
Corte así689	2013-08-15 16:13:18	1	10
Construcción zapato86	2014-10-19 13:29:47	1	4
Campo nosotros,84	2009-08-19 15:07:41	1	3
Electricidad según633	2011-07-02 15:38:20	1	2
Soldadura dónde965	2006-01-17 09:32:45	1	4
Herrería curso439	2005-12-26 08:06:52	1	3
Multifunción cero16	2009-08-17 19:41:38	1	8
Cerrajería cuarto322	2019-12-06 09:47:04	1	10
Herrería estilo191	2011-11-01 16:42:51	1	2
Electricidad departamento833	2014-05-05 09:09:41	1	6
Soldadura jungla503	2010-05-15 13:03:10	1	6
Campo de475	2019-02-05 19:06:29	1	5
Montaje aquellas986	2009-12-02 08:30:07	1	3
Cerrajería y211	2017-10-25 18:43:55	1	3
Soldadura formación578	2008-02-12 15:45:27	1	10
Pintura suya443	2014-12-16 14:34:48	1	5
Carpintería rojo893	2014-08-13 20:50:04	1	3
Jardinería intentar901	2010-10-24 15:33:57	1	5
Fijación empeorar21	2018-10-11 13:06:28	1	9
Sujeción japonés470	2018-04-18 11:11:20	1	2
Multifunción segundo706	2007-06-22 18:04:37	1	2
Mecánicas mesa927	2009-04-14 12:36:04	1	8
Mecánicas parlamentario839	2012-02-24 15:20:05	1	8
Electricidad seguir250	2016-10-11 06:47:47	1	5
Plomería trigo317	2014-09-23 08:18:55	1	7
Unión extranjero173	2010-01-20 17:51:16	1	6
Cerrajería y211	2009-12-15 08:06:19	1	4
Fijación metro451	2020-06-05 17:08:10	1	6
Construcción voz385	2020-09-10 09:18:34	1	9
Herrería automóvil,269	2015-10-01 13:41:15	1	5
Jardinería tristeza159	2018-03-18 12:22:20	1	10
Carpintería figura23	2007-04-27 18:15:54	1	1
Cerrajería amargo256	2007-03-11 06:30:45	1	10
Unión solitario487	2020-11-06 09:30:40	1	8
Plomería trancar752	2011-12-27 10:55:07	1	5
Plomería chino106	2017-02-24 08:58:12	1	10
Precisión despacio18	2014-11-10 15:05:36	1	2
Construcción necesitar,367	2019-06-17 20:29:07	1	6
Fijación cultural32	2010-06-12 14:54:51	1	7
Construcción serpiente587	2017-03-10 13:41:50	1	2
Sujeción competencia415	2015-05-07 10:51:09	1	1
Jardinería seguridad655	2011-11-08 13:47:59	1	6
Electricidad salud455	2011-11-03 08:11:45	1	8
Medición reciente611	2012-10-16 18:33:09	1	1
Unión gas869	2015-08-17 15:50:23	1	1
Herrería montaña906	2012-05-21 13:39:16	1	8
Plomería humano829	2007-10-04 08:11:44	1	9
Campo año311	2020-05-22 15:45:02	1	10
Mecánicas aire738	2006-09-01 17:59:37	1	3
Carpintería glúteos285	2014-11-03 08:37:03	1	9
Desbaste gallina393	2019-02-20 10:04:48	1	7
Sujeción obvio210	2012-05-02 18:01:21	1	3
Unión dragón392	2013-05-06 13:52:35	1	4
Golpe de855	2014-11-01 10:57:05	1	5
Herrería delgado242	2020-07-26 10:13:10	1	8
Campo blanco707	2017-11-15 19:04:25	1	6
Golpe física414	2017-10-09 07:39:24	1	8
Tornillos afuera,205	2015-03-13 17:14:32	1	8
Campo comprender387	2005-03-17 19:50:36	1	7
Construcción comida912	2013-03-05 18:37:00	1	7
Carpintería iniciar,875	2013-09-24 11:40:04	1	5
Unión beber926	2007-03-10 17:30:32	1	6
Desbaste salado584	2007-01-26 14:09:03	1	1
Ajuste señor485	2013-01-14 09:41:32	1	10
Golpe guisantes117	2019-02-26 13:58:12	1	6
Cerrajería cintura301	2019-12-25 08:13:14	1	4
Tornillos ambos700	2017-04-02 16:19:22	1	7
Soldadura ruta131	2006-05-06 15:24:25	1	4
Electricidad destrucción550	2009-11-26 20:32:18	1	5
Unión político775	2005-05-07 06:48:15	1	3
Ajuste regional176	2015-05-03 18:49:15	1	4
Jardinería cámara879	2018-07-04 12:53:29	1	4
Carpintería rojo893	2015-08-19 17:53:22	1	5
Fijación longitud524	2017-10-26 07:06:10	1	8
Corte construcción662	2019-03-05 14:46:45	1	6
Herrería ley56	2017-07-04 19:12:05	1	7
Desbaste a337	2015-05-01 15:56:42	1	10
Carpintería izquierda664	2014-07-25 14:23:47	1	9
Electricidad informe196	2020-02-14 08:24:52	1	7
Cerrajería auto991	2008-03-02 15:05:11	1	5
Herrería sentir840	2006-05-10 19:14:34	1	2
Electricidad castaña444	2006-08-18 19:33:53	1	1
Sujeción lanzar744	2007-02-07 11:36:18	1	6
Sujeción vehículo899	2008-07-26 13:41:38	1	3
Pintura Hogar356	2020-06-24 07:12:27	1	9
Desbaste pesar207	2010-03-15 06:10:04	1	5
Desbaste diagonal574	2020-11-20 06:12:33	1	8
Construcción mujer723	2007-01-27 16:43:31	1	4
Multifunción deber7	2006-10-17 13:35:33	1	1
Golpe diarrea941	2018-10-27 07:26:02	1	3
De espinilla982	2016-02-17 12:14:39	1	1
Construcción cantar431	2014-10-04 15:50:30	1	5
Ajuste extraño973	2008-11-11 17:38:56	1	8
Campo milenio461	2017-10-21 08:55:02	1	1
Golpe de855	2008-08-15 15:02:10	1	1
Tornillos espacio294	2007-01-08 13:38:18	1	5
Jardinería golpear512	2015-12-23 17:31:44	1	1
Multifunción rojo555	2018-01-14 17:57:25	1	1
Golpe tierra592	2008-02-16 08:53:50	1	4
Fijación personalidad730	2010-09-18 11:15:11	1	5
Campo jueves671	2007-07-26 12:58:49	1	2
Golpe semilla447	2010-10-05 13:25:53	1	2
De dibujo411	2016-09-20 19:53:51	1	7
Jardinería palma567	2011-12-14 20:03:20	1	3
Construcción necesitar,367	2006-12-17 17:23:33	1	8
Medición oreja495	2020-05-18 18:28:13	1	5
Fijación tuya942	2009-09-11 16:55:38	1	5
Tornillos trabajar820	2016-01-17 14:55:57	1	2
Electricidad abrir,338	2020-04-21 06:01:09	1	10
Electricidad incorrecto,635	2007-01-04 14:38:45	1	9
Desbaste noticia825	2010-02-14 19:56:03	1	6
Golpe solo,957	2015-04-25 16:49:23	1	8
Cerrajería clavo217	2007-05-27 16:12:20	1	4
Montaje gripe193	2006-06-12 08:44:04	1	2
Corte cansancio582	2006-07-19 20:32:17	1	3
Tornillos salud220	2019-09-04 20:39:39	1	5
Herrería yo517	2014-10-17 12:04:37	1	10
Soldadura Transportes553	2019-10-22 15:30:02	1	5
Tornillos diente178	2011-06-12 09:30:32	1	4
Herrería estilo191	2012-10-16 18:15:42	1	2
Precisión central299	2018-12-13 06:46:01	1	10
Pintura retroceso816	2016-10-22 10:55:25	1	5
Plomería diez474	2019-02-17 16:14:41	1	8
Corte tal737	2015-03-13 07:41:47	1	2
Soldadura olfato743	2012-02-24 19:55:37	1	3
Herrería antes233	2005-05-13 18:03:58	1	8
Electricidad corte101	2006-07-07 06:16:43	1	6
Golpe sorprendido760	2017-07-12 09:40:33	1	8
Montaje zapato203	2020-10-13 07:11:06	1	10
Ajuste adrede78	2007-11-04 16:08:13	1	2
Golpe segundo532	2005-01-26 13:10:19	1	1
Herrería antes233	2007-11-04 15:25:54	1	9
Electricidad informe196	2020-10-26 10:45:32	1	8
Sujeción manera632	2007-11-06 13:23:56	1	8
Pintura atención197	2005-06-23 10:23:03	1	4
Carpintería rojo893	2005-04-01 10:07:05	1	7
Ajuste estado811	2005-09-18 16:04:55	1	3
Tornillos tres28	2019-07-24 07:31:06	1	6
Medición dar978	2008-11-19 14:44:29	1	4
Fijación imposible441	2014-02-09 15:15:24	1	3
Unión cultura859	2009-01-04 09:56:21	1	4
Construcción origen,212	2014-05-23 16:55:46	1	6
Construcción largo,435	2009-05-20 13:22:14	1	6
Campo faltar772	2014-12-05 19:56:32	1	2
Corte selva794	2007-01-28 19:59:22	1	6
Sujeción dejar889	2015-09-14 07:34:37	1	9
Unión profesión501	2012-04-25 20:45:35	1	7
Precisión ninguno,327	2009-07-03 14:41:33	1	1
Corte dado126	2018-04-26 20:37:08	1	6
Soldadura nieta650	2015-07-08 19:08:53	1	4
Plomería reparar57	2008-11-21 10:40:06	1	6
Campo político851	2017-09-13 06:13:29	1	10
Cerrajería cola170	2008-05-06 06:03:57	1	5
Unión ardiente43	2020-01-18 14:01:23	1	5
Tornillos salud220	2018-08-02 10:33:30	1	1
Unión segundo340	2006-02-10 06:35:20	1	5
Electricidad despacio490	2014-05-18 17:27:57	1	4
Electricidad utilizar580	2007-07-27 17:24:14	1	4
De botón209	2015-08-07 20:46:08	1	7
Relojería general940	2011-01-27 20:15:50	1	6
Corte orden20	2009-06-02 08:45:31	1	7
Relojería comunicarse711	2016-04-09 18:45:37	1	1
Soldadura Transportes553	2011-06-10 14:00:22	1	2
Construcción serpiente587	2007-10-09 18:46:54	1	2
Campo pasto257	2010-08-28 09:59:28	1	8
Carpintería beneficio883	2017-05-04 20:00:29	1	9
Mecánicas diez766	2017-10-15 14:02:20	1	7
Precisión doloroso998	2009-06-25 16:45:11	1	4
Electricidad deprisa677	2020-06-21 20:25:56	1	7
Herrería grabado939	2015-02-15 19:40:50	1	5
Montaje intento216	2014-05-01 20:10:01	1	7
Herrería camisa905	2019-02-16 09:47:12	1	4
Unión dragón392	2009-12-01 12:08:58	1	1
Ajuste suave718	2005-06-18 13:38:33	1	6
Cerrajería bambú943	2009-08-10 14:11:58	1	9
Fijación naturaleza402	2020-03-06 19:01:12	1	7
Jardinería largo,9	2015-08-22 10:34:00	1	9
Pintura nuestra928	2016-02-03 07:21:58	1	1
Campo político851	2009-01-20 06:55:16	1	6
Corte universal561	2008-12-06 17:19:34	1	3
Plomería pantalla359	2020-06-04 09:39:59	1	3
De continental307	2009-02-25 06:12:45	1	9
Soldadura dónde965	2011-01-22 18:55:42	1	4
Precisión población295	2020-10-17 14:02:09	1	6
Precisión a65	2013-12-05 08:16:01	1	10
Plomería escritorio75	2006-04-25 10:57:41	1	6
Carpintería otro843	2006-04-22 16:18:50	1	5
Carpintería sorpresa96	2006-05-23 17:22:00	1	3
Relojería departamento471	2015-11-20 06:24:51	1	10
Sujeción libro52	2009-12-09 10:30:32	1	10
Ajuste ciruela846	2013-11-04 19:13:32	1	9
De vía992	2010-06-18 16:23:25	1	2
Desbaste nacional144	2007-03-23 10:00:41	1	2
Montaje alfabeto531	2006-12-02 10:39:18	1	6
Electricidad Colores288	2017-05-13 10:22:51	1	1
Unión solitario487	2014-05-02 08:59:10	1	1
Herrería delgado242	2012-10-09 18:09:38	1	3
Ajuste cuánto808	2007-03-16 17:11:27	1	4
Plomería trancar752	2018-04-03 09:48:43	1	6
Medición cordelcordón774	2006-06-07 12:41:38	1	8
Carpintería siquiera114	2011-12-16 12:16:57	1	10
Relojería consejo619	2012-09-02 08:39:30	1	9
Cerrajería dolor771	2009-02-19 20:51:33	1	2
Unión y514	2018-07-03 06:04:44	1	9
Precisión central299	2011-12-03 14:48:53	1	7
Construcción nosotras69	2005-12-17 07:04:15	1	8
Tornillos alfabeto303	2008-02-14 16:57:17	1	2
Pintura suelo535	2013-02-01 18:56:15	1	2
Herrería lanzar606	2009-07-10 20:01:01	1	10
Campo transporte,97	2012-08-04 14:39:15	1	9
Construcción largo,435	2009-02-20 09:51:27	1	9
Plomería pareja286	2017-10-15 10:52:41	1	7
Unión y514	2011-05-20 06:49:52	1	4
Mecánicas consejo511	2014-01-18 09:47:50	1	5
Herrería don929	2020-11-04 08:32:43	1	2
Cerrajería por896	2020-12-05 16:23:40	1	8
Multifunción tal398	2012-07-02 07:41:56	1	6
Jardinería máquina463	2006-12-16 18:21:18	1	10
Mecánicas gorrión457	2007-12-15 19:29:01	1	9
Montaje sentimientos862	2016-02-02 06:51:55	1	10
Electricidad amanecer137	2018-07-05 13:52:10	1	3
Sujeción solicitud972	2009-08-24 09:22:40	1	3
Relojería boleto160	2007-09-12 15:45:59	1	1
Cerrajería gallina344	2007-05-28 12:56:07	1	3
Golpe sector462	2020-11-14 07:05:01	1	5
Relojería nada259	2006-10-22 19:45:30	1	4
Multifunción imposible937	2007-08-16 06:26:56	1	4
Ajuste universidad783	2006-09-07 09:58:47	1	3
Electricidad confianza48	2017-07-19 16:31:04	1	5
Corte trigo566	2017-01-20 11:02:58	1	1
Carpintería Números287	2014-03-02 14:27:51	1	2
Desbaste reparar660	2010-08-08 08:59:32	1	3
Precisión fabricar232	2019-09-09 08:41:42	1	1
Sujeción manera632	2013-10-26 08:39:32	1	3
Carpintería música984	2016-07-19 19:39:57	1	10
Plomería pareja286	2008-11-27 06:51:10	1	7
Plomería pensar150	2017-02-09 06:55:15	1	2
Plomería bigote638	2009-08-25 15:00:50	1	5
Desbaste cuarto693	2006-07-14 08:07:38	1	3
Relojería consejo619	2016-07-19 12:03:11	1	7
Relojería seguridad626	2007-10-05 08:54:28	1	7
Montaje río418	2009-11-22 13:57:03	1	4
Tornillos consigo199	2008-05-14 14:36:56	1	5
Golpe evaluar151	2014-07-17 15:47:03	1	3
Tornillos distinguir227	2013-04-21 19:05:23	1	10
Unión patatas363	2016-12-23 06:15:35	1	7
Cerrajería cintura301	2011-06-20 07:33:16	1	7
Herrería camisa905	2011-07-17 13:06:14	1	3
Corte trigo566	2012-10-13 16:56:43	1	9
Corte sensaciones684	2005-07-22 10:07:35	1	9
Corte oveja739	2005-06-15 09:53:29	1	10
Tornillos especie165	2008-09-23 16:36:13	1	9
Electricidad almendra936	2015-01-10 10:08:25	1	9
Jardinería comisión142	2010-05-25 08:36:41	1	9
Campo cansancio721	2008-08-26 12:07:36	1	4
Electricidad almendra936	2009-02-05 12:44:48	1	1
Construcción comida912	2011-02-20 20:12:11	1	8
Cerrajería allá588	2013-12-06 09:19:14	1	7
Construcción además675	2020-09-14 16:56:42	1	8
Soldadura alcanzar248	2018-07-24 10:00:28	1	3
Herrería existencia345	2014-04-09 16:29:03	1	9
Jardinería privado791	2016-03-02 09:41:16	1	10
Mecánicas recoger500	2014-10-19 08:46:58	1	8
Montaje aquellas986	2010-06-07 12:03:38	1	7
De continental307	2020-10-16 20:08:22	1	4
Montaje alfabeto531	2006-09-04 15:19:02	1	10
Campo milenio461	2007-10-28 14:35:09	1	7
Carpintería figura23	2017-03-19 12:18:58	1	7
Golpe de855	2005-07-25 18:21:32	1	6
Campo rata333	2007-05-06 08:11:23	1	2
Herrería diverso724	2019-09-05 14:52:29	1	2
Soldadura quinto174	2014-01-11 17:11:48	1	10
Electricidad departamento833	2007-08-17 08:38:39	1	10
Montaje situación785	2015-09-04 13:11:33	1	8
Carpintería retroceso527	2010-03-10 15:12:57	1	2
Golpe acierto814	2012-12-12 16:52:26	1	5
Desbaste a337	2006-06-23 20:08:56	1	2
Construcción autobús,806	2009-09-10 19:52:21	1	1
Construcción lejos699	2016-03-26 11:02:35	1	5
Ajuste universidad310	2012-01-12 15:31:50	1	8
De gramo618	2009-07-13 06:41:54	1	8
Unión entender,545	2018-09-15 19:49:10	1	8
Construcción voz385	2020-10-14 11:38:19	1	8
Electricidad despacio490	2017-04-02 14:18:35	1	10
Corte construcción662	2013-08-06 09:07:12	1	3
Electricidad aquellos,400	2007-12-05 15:00:30	1	9
Medición acercar805	2012-12-08 08:17:06	1	2
Soldadura nieta650	2007-06-05 10:25:39	1	7
Electricidad sin179	2010-01-19 11:30:20	1	2
Medición reciente611	2008-04-02 10:37:50	1	9
De entrevistar12	2010-10-24 11:44:02	1	8
Mecánicas suya647	2019-06-28 11:28:26	1	4
Construcción lejos699	2010-04-14 10:45:27	1	5
Cerrajería quitar,504	2014-10-17 19:32:38	1	6
Soldadura cualquiera388	2011-01-06 17:20:01	1	3
Jardinería llorar904	2014-11-18 09:07:38	1	1
Ajuste trancar590	2015-04-28 15:13:23	1	9
De calmo146	2008-01-13 10:36:17	1	1
Mecánicas sobre149	2014-05-25 12:48:19	1	8
Unión político775	2020-03-08 19:55:25	1	7
Cerrajería expresión3	2007-08-27 14:51:59	1	10
De ninguna,246	2006-05-28 12:46:26	1	5
Precisión regional518	2019-10-10 06:19:55	1	5
Unión corazón122	2009-12-26 18:07:46	1	8
Soldadura hoja262	2005-02-16 09:48:35	1	2
Ajuste Adjetivos758	2006-08-09 12:09:04	1	10
Soldadura nieta650	2014-10-24 20:43:05	1	10
Jardinería terminar,54	2015-01-09 20:45:36	1	2
Campo comprender387	2016-11-16 09:12:58	1	6
Multifunción tal398	2014-02-16 07:33:49	1	3
Montaje bisnieta272	2017-04-26 20:42:10	1	10
Relojería opuesto,944	2008-09-09 09:32:44	1	9
Medición sea19	2016-02-11 09:27:09	1	7
Sujeción cuadro255	2007-08-07 19:46:14	1	7
Fijación real240	2010-07-15 07:22:43	1	9
Electricidad rayo140	2009-05-02 20:09:58	1	1
Soldadura dónde965	2008-09-01 17:29:40	1	3
Plomería débil278	2009-07-01 08:24:28	1	10
Ajuste posiblemente247	2005-03-18 19:51:19	1	7
Unión obra551	2005-01-27 08:02:53	1	9
Electricidad sin179	2017-04-03 15:21:15	1	1
Medición carta935	2011-07-17 10:22:16	1	7
Plomería fácilmente371	2016-12-17 16:04:09	1	8
Golpe gaseosa949	2015-01-13 14:54:02	1	8
Corte mejor812	2018-11-22 08:47:53	1	4
Herrería yo517	2012-09-02 10:10:06	1	4
Relojería unido473	2013-11-26 11:19:55	1	2
Montaje retroceder558	2016-07-06 10:36:58	1	4
Campo sencillo390	2011-10-13 12:57:44	1	9
Carpintería figura23	2012-03-01 06:58:16	1	10
Construcción del667	2016-08-18 19:07:29	1	4
Golpe segundo532	2016-09-11 16:05:10	1	6
Construcción de115	2006-07-01 13:42:29	1	5
Ajuste señor485	2006-11-26 09:00:47	1	6
Medición calle562	2017-08-03 17:20:02	1	1
Unión relación81	2015-04-18 19:04:57	1	8
Herrería rata235	2006-06-24 10:04:44	1	6
Golpe Adjetivos631	2005-10-15 11:20:26	1	7
Tornillos lluvia625	2005-02-28 07:45:37	1	5
Construcción serpiente587	2019-11-18 15:28:53	1	4
Plomería edificio659	2007-12-09 13:48:18	1	2
Mecánicas gorrión457	2009-06-12 09:17:36	1	4
Campo frío679	2011-05-12 18:05:41	1	5
Golpe desenvolver894	2010-06-24 16:00:50	1	7
Mecánicas algo283	2018-11-22 19:42:05	1	8
Carpintería Adverbios903	2011-06-07 13:06:29	1	10
Multifunción lateral374	2005-10-19 12:22:32	1	4
Electricidad comida145	2016-06-24 14:34:25	1	5
Tornillos espacio294	2009-04-09 11:20:47	1	1
De espinilla982	2009-09-05 13:16:12	1	7
Golpe desenvolver894	2009-09-28 16:58:19	1	2
Pintura superficie649	2008-10-21 08:48:52	1	2
De flor305	2012-10-13 19:24:27	1	4
Soldadura reunirse637	2019-11-03 17:26:51	1	10
Herrería ser243	2011-03-04 07:07:52	1	1
Electricidad hilo720	2010-09-09 20:09:50	1	9
Plomería escritorio75	2019-07-28 09:25:02	1	6
Relojería enojarse,41	2018-06-13 15:52:08	1	6
Sujeción precisar2	2020-12-10 08:15:00	1	1
De diagonal89	2008-12-16 20:42:11	1	4
Jardinería zanahoria630	2018-09-16 12:41:11	1	9
Medición martes541	2007-04-15 13:28:55	1	7
Campo proyecto369	2005-01-06 15:43:04	1	3
Construcción probablemente27	2010-02-20 19:53:52	1	5
Plomería pareja286	2013-10-20 15:38:08	1	7
Construcción atún731	2009-06-12 12:55:33	1	10
Unión extranjero173	2016-03-03 20:42:45	1	4
Relojería seguridad626	2011-11-09 15:27:50	1	3
Desbaste nacional144	2011-02-04 08:32:26	1	2
Construcción calzón94	2014-02-22 10:12:55	1	3
Precisión sociedad480	2012-08-20 20:24:01	1	7
Tornillos cercano963	2006-11-26 07:34:35	1	8
Campo recién603	2016-01-23 07:03:47	1	4
Pintura dama297	2015-12-03 06:53:27	1	7
Ajuste jamás213	2006-12-27 18:14:04	1	5
Herrería montaña906	2017-01-21 18:06:44	1	10
Desbaste esa,769	2019-07-07 09:14:02	1	3
Unión intento401	2019-12-14 19:08:04	1	8
Tornillos público,290	2018-06-19 09:29:23	1	8
Sujeción propósito788	2014-10-16 07:55:21	1	9
Mecánicas aeropuerto695	2018-11-19 06:32:25	1	8
Sujeción ciruela628	2012-01-20 11:59:22	1	9
Sujeción una,735	2016-10-07 13:44:07	1	2
Mecánicas incorrecto,717	2011-07-24 10:32:18	1	4
Jardinería de754	2013-03-12 10:12:34	1	5
Multifunción entender,63	2012-10-19 14:40:05	1	6
Corte oveja739	2007-01-22 18:03:08	1	4
Fijación consigo194	2005-07-10 06:18:03	1	10
Cerrajería quitar,504	2006-02-07 13:52:05	1	3
Carpintería millón129	2013-08-22 19:28:38	1	2
Pintura unido533	2005-02-26 09:36:22	1	3
Sujeción dejar889	2017-08-12 13:01:52	1	4
Jardinería décimo332	2017-06-03 07:27:48	1	10
Montaje castaño477	2016-09-05 15:37:12	1	5
Plomería fácilmente371	2019-06-05 06:05:56	1	10
Soldadura placer,703	2006-12-16 17:44:51	1	9
Herrería único692	2015-12-01 07:59:15	1	7
Montaje ello152	2007-08-15 06:51:41	1	9
Tornillos espacio294	2011-05-10 09:23:49	1	3
Montaje madre336	2019-12-05 11:23:25	1	5
Mecánicas incorrecto,717	2016-09-04 07:02:53	1	7
Multifunción coger404	2018-06-10 06:10:32	1	7
Precisión posesivos472	2005-02-21 06:34:53	1	6
Desbaste reparar660	2005-09-11 08:01:23	1	10
Jardinería estrella691	2011-04-09 19:30:24	1	1
Ajuste venir433	2011-07-05 08:50:20	1	5
Tornillos lluvia625	2006-07-09 16:29:20	1	5
Plomería palma987	2015-05-03 17:31:18	1	4
Fijación campo762	2007-07-23 19:36:57	1	1
Montaje sí,380	2005-08-03 18:28:08	1	10
Unión calidad755	2018-02-19 12:50:46	1	9
Precisión fabricar232	2017-06-22 20:36:58	1	9
Construcción por979	2013-05-22 11:01:18	1	8
Electricidad delgado407	2019-02-18 17:00:27	1	3
Fijación tuya942	2010-05-24 15:21:37	1	2
Herrería delgado242	2013-07-09 19:14:15	1	8
Jardinería creer265	2008-04-07 14:24:12	1	4
Campo calidad819	2014-07-04 11:54:36	1	2
Soldadura diez76	2012-08-14 20:32:58	1	6
Herrería centímetro39	2011-12-21 20:04:26	1	2
Carpintería gorrión445	2016-01-27 20:50:52	1	9
Tornillos organización988	2012-07-20 19:13:00	1	10
Construcción calzón94	2018-07-18 18:00:14	1	2
Campo de475	2019-05-24 09:50:19	1	3
Fijación personalidad730	2020-01-23 08:02:39	1	1
Plomería meta898	2013-07-05 12:55:14	1	6
Cerrajería quitar,504	2020-05-11 20:04:10	1	7
Campo frío679	2018-08-19 06:39:19	1	8
Golpe segundo532	2017-01-14 13:28:24	1	8
Relojería movimiento334	2010-08-21 13:42:33	1	2
Jardinería kilómetro557	2006-01-20 09:25:35	1	3
Jardinería golpear512	2006-02-05 19:19:34	1	7
De posesivos634	2013-05-10 11:03:48	1	9
Pintura es865	2010-04-06 16:37:00	1	6
Tornillos conocida994	2005-11-04 20:27:03	1	5
Herrería camisa905	2009-12-15 10:55:47	1	2
Herrería hoja673	2013-02-22 06:03:20	1	6
De calmo146	2018-06-23 15:27:45	1	9
Cerrajería dolor771	2014-02-24 06:54:42	1	6
Tornillos lluvia625	2009-04-08 15:36:25	1	1
Pintura fuego694	2005-02-02 11:59:57	1	2
Carpintería glúteos285	2018-02-17 15:23:51	1	3
Montaje sentimientos862	2011-11-02 16:12:27	1	1
Precisión objetivo,990	2019-03-01 10:45:30	1	10
Herrería morder148	2007-06-22 06:55:48	1	3
Medición ansioso563	2011-11-05 14:44:39	1	6
Carpintería gracias82	2020-03-04 07:54:10	1	8
Relojería movimiento334	2008-09-27 14:40:52	1	10
Unión progreso230	2014-04-05 10:39:55	1	4
Sujeción vista654	2009-08-07 11:53:39	1	6
Electricidad rayo140	2018-03-04 19:14:45	1	7
Herrería grabado939	2018-03-04 06:02:19	1	7
Medición calle562	2013-08-23 15:47:33	1	4
Pintura suya443	2012-06-17 18:44:39	1	6
Montaje retroceder558	2016-01-07 14:07:42	1	1
Unión extranjero173	2017-07-07 18:32:00	1	5
Multifunción obvio391	2017-07-20 17:32:33	1	2
Ajuste adrede78	2017-11-20 13:57:11	1	2
Carpintería problema670	2005-05-25 07:33:52	1	4
Herrería panel275	2014-03-02 16:28:48	1	1
Desbaste gallina393	2009-06-04 14:54:15	1	8
Corte Transportes688	2010-09-06 06:46:02	1	10
Jardinería máquina463	2012-09-22 19:46:04	1	9
Carpintería aumento162	2011-11-07 18:36:05	1	4
Construcción largo,435	2011-10-13 08:53:52	1	1
Desbaste casa270	2019-07-14 11:30:51	1	8
Corte Objetos977	2011-11-06 18:05:26	1	8
Golpe cuánto523	2014-04-13 07:43:19	1	10
Plomería edificio659	2008-11-23 15:43:26	1	4
De continental307	2006-09-17 10:07:42	1	5
Plomería volumen224	2005-11-01 12:54:47	1	2
Golpe segundo532	2016-11-17 13:33:12	1	6
Unión dragón392	2013-09-19 19:13:47	1	6
De política911	2017-08-20 10:34:42	1	2
Fijación acierto708	2008-08-12 11:26:52	1	10
Pintura es865	2015-11-08 20:08:45	1	10
Construcción forma996	2007-06-22 19:08:34	1	5
Jardinería tristeza159	2015-08-02 09:51:37	1	8
Montaje situación785	2013-05-13 12:16:38	1	5
Campo cine925	2016-03-26 15:38:02	1	3
Cerrajería por896	2009-04-11 07:43:38	1	10
Soldadura reunirse637	2010-08-18 08:29:47	1	5
Desbaste paso782	2018-06-07 15:41:21	1	6
Carpintería glúteos285	2016-12-14 13:08:17	1	6
Desbaste texto591	2015-08-21 11:18:43	1	5
Campo año311	2009-07-20 14:17:30	1	8
Unión segundo340	2019-03-05 06:21:20	1	6
Ajuste jugar238	2007-07-10 06:30:35	1	7
Multifunción campo318	2014-04-05 17:44:59	1	6
Unión oreja8	2013-11-18 13:47:14	1	7
Soldadura de642	2018-11-08 12:48:37	1	2
De menudo502	2005-03-02 16:05:59	1	3
Pintura suelo535	2017-09-28 19:22:20	1	6
Desbaste director281	2015-10-19 07:31:08	1	5
Construcción ómnibus826	2014-08-03 08:23:05	1	6
Herrería acertado320	2013-06-07 07:37:12	1	2
Ajuste jugar238	2005-06-23 09:28:55	1	8
Herrería lanzar606	2017-04-12 20:27:30	1	2
Ajuste extraño973	2007-11-28 17:33:09	1	4
Carpintería situación192	2006-03-20 13:51:51	1	7
Medición solicitar296	2006-08-14 13:26:38	1	4
De penúltimo429	2018-12-28 16:18:31	1	2
Mecánicas sobre149	2006-05-17 17:35:50	1	6
Precisión población295	2017-01-13 09:30:58	1	10
Medición martes541	2008-09-24 12:19:29	1	5
Electricidad delicioso,714	2011-02-22 20:40:42	1	2
Plomería de395	2011-01-13 13:44:01	1	7
Pintura rodilla847	2014-12-27 07:53:40	1	8
Soldadura puesto351	2015-10-22 08:44:03	1	8
Golpe instituto686	2006-01-17 14:22:27	1	8
Campo domingo62	2019-07-28 09:31:18	1	2
Pintura mentira576	2016-05-01 17:47:32	1	9
De anciana42	2016-03-10 09:13:01	1	8
Corte tal737	2008-04-04 08:15:57	1	2
Plomería paraguas467	2014-02-26 16:33:01	1	2
Desbaste a337	2009-01-12 17:08:56	1	1
Pintura frontal466	2006-12-17 15:15:59	1	6
Campo político851	2014-02-21 06:25:50	1	5
Construcción comida912	2014-11-05 12:48:58	1	6
Herrería automóvil,269	2019-06-26 20:01:53	1	7
Relojería sobrino970	2008-07-28 17:27:43	1	6
Medición cordelcordón774	2014-04-23 09:23:58	1	3
Campo cultura83	2006-07-07 18:05:30	1	8
Desbaste falso134	2014-02-09 17:40:06	1	8
Construcción origen,212	2016-08-15 11:28:08	1	7
Precisión Adverbios830	2009-09-26 07:27:43	1	10
Electricidad aquellos,400	2017-10-24 16:19:27	1	3
Relojería tanto119	2006-03-08 09:22:33	1	1
Tornillos autoridad175	2020-09-13 15:55:19	1	5
Carpintería situación133	2014-11-24 16:43:19	1	4
Precisión consejo289	2005-06-15 17:40:40	1	8
Soldadura alcanzar248	2014-09-04 11:02:59	1	8
Carpintería pie125	2014-08-20 13:30:44	1	6
Cerrajería por896	2017-01-19 07:02:22	1	10
Soldadura cualquiera388	2016-04-11 15:31:30	1	5
Precisión universidad519	2007-12-06 18:56:34	1	9
Unión ardiente43	2018-12-26 10:10:08	1	3
Plomería explicar923	2011-10-25 12:08:32	1	7
Carpintería nuestro,581	2009-12-08 10:03:02	1	6
Tornillos diente178	2018-09-18 08:08:20	1	10
Fijación Sustantivos544	2007-01-22 19:10:31	1	4
Electricidad deprisa677	2014-05-27 18:41:20	1	4
De calmo146	2005-09-12 16:04:43	1	3
Relojería enojarse,41	2012-02-12 16:47:45	1	9
Unión intento401	2014-12-19 15:55:30	1	1
Electricidad seguir250	2012-06-20 07:29:35	1	6
Jardinería creer265	2008-09-07 12:05:28	1	7
Sujeción dejar889	2009-11-11 19:19:50	1	4
Carpintería problema670	2013-03-16 10:15:41	1	9
Corte actitud413	2016-02-11 07:16:05	1	10
Construcción del667	2010-05-07 10:04:01	1	7
Carpintería música984	2011-11-16 06:40:22	1	7
Desbaste cuarto693	2013-12-08 08:13:31	1	5
Plomería apestoso,40	2015-01-07 11:13:20	1	7
Golpe llevar50	2015-11-14 13:49:10	1	5
Desbaste reparar660	2008-05-20 12:16:51	1	3
Ajuste actividad985	2010-02-18 06:12:55	1	6
Sujeción seguir423	2012-11-26 14:51:59	1	4
Construcción autobús,806	2018-08-03 18:00:58	1	6
Golpe de855	2016-06-16 07:31:57	1	8
Soldadura reunirse637	2013-01-15 08:46:29	1	2
Pintura frontal466	2018-06-03 14:48:59	1	8
Montaje sí,380	2017-05-04 08:31:09	1	3
Ajuste revista759	2012-12-20 11:54:16	1	5
Corte construcción662	2018-06-07 19:48:53	1	1
Soldadura puesto351	2020-06-22 08:34:27	1	7
De cine168	2005-12-08 14:22:18	1	7
Carpintería siquiera114	2012-10-24 17:32:49	1	5
Carpintería grupo304	2013-12-16 12:22:31	1	1
Golpe solamente682	2017-02-03 20:46:37	1	9
Cerrajería quitar,504	2015-10-23 10:38:27	1	6
Campo cuyo,823	2009-05-05 15:09:49	1	10
Mecánicas frío509	2009-05-16 13:37:41	1	8
Pintura grueso46	2007-05-13 07:50:16	1	8
Cerrajería picante,163	2018-03-06 20:15:09	1	10
Montaje principio383	2015-07-21 09:26:19	1	5
Unión patatas363	2015-07-13 15:37:13	1	4
Herrería morder148	2007-01-28 06:10:05	1	4
Plomería palma987	2017-08-19 14:06:34	1	7
Plomería humano829	2009-04-10 17:12:10	1	3
Cerrajería calzón109	2006-04-09 20:12:01	1	5
Mecánicas cargo526	2015-10-09 16:53:06	1	10
Construcción mujer723	2007-02-03 18:33:16	1	4
Medición mejora13	2019-01-03 17:33:39	1	7
Multifunción rechazar604	2015-06-02 06:16:10	1	6
Sujeción competencia415	2010-02-22 18:25:09	1	6
Golpe sobre600	2010-01-15 09:38:12	1	6
De anciana42	2007-01-11 14:40:20	1	7
Unión solitario487	2013-01-15 06:46:15	1	4
Corte falso740	2019-11-09 20:37:20	1	9
Campo obtener,350	2009-06-02 10:53:12	1	2
Construcción trabajar948	2018-06-18 08:20:59	1	4
Desbaste nacional144	2020-01-15 10:19:05	1	7
Unión clavar222	2009-08-11 13:58:01	1	9
Carpintería dictadura867	2009-12-26 09:33:58	1	6
Carpintería solitario569	2008-04-22 17:06:08	1	4
Relojería boleto160	2006-03-09 18:13:05	1	10
Desbaste director281	2010-09-06 07:31:10	1	6
Precisión fabricar232	2017-07-11 13:47:40	1	7
Plomería paraguas467	2009-04-22 18:54:16	1	1
Fijación lunes202	2012-04-10 06:25:13	1	1
Medición cierto167	2011-10-23 16:03:54	1	6
Jardinería de754	2012-06-12 13:25:45	1	5
Corte lateral981	2014-02-03 10:42:16	1	2
Desbaste gallina393	2012-05-08 12:35:09	1	7
Construcción del667	2014-01-10 20:53:46	1	1
Ajuste gente613	2012-12-26 17:12:48	1	9
Electricidad Pronombres479	2013-03-26 18:22:17	1	8
Construcción aguja636	2020-02-20 08:08:06	1	2
Electricidad amplio24	2019-11-03 07:12:13	1	6
Construcción carretera516	2007-05-08 19:18:00	1	8
Campo frío679	2006-07-26 13:44:26	1	6
Fijación alimentos488	2005-05-07 20:06:25	1	10
Campo señor166	2009-07-25 11:55:15	1	6
Medición milenio842	2020-12-18 12:01:06	1	9
Jardinería seguir102	2008-05-23 18:59:41	1	6
Campo bisnieto6	2006-12-28 20:34:18	1	10
Herrería dirección678	2007-08-10 09:21:03	1	10
Ajuste precio950	2014-04-20 14:01:24	1	9
Campo información164	2006-11-20 08:05:51	1	8
Herrería ciencia158	2006-10-14 15:32:07	1	10
Jardinería dinero767	2013-10-11 13:21:16	1	2
Pintura panel342	2011-09-21 06:21:19	1	5
Pintura dama297	2017-11-23 17:56:07	1	2
Fijación real240	2014-02-25 09:10:20	1	5
Campo comida124	2012-08-11 13:45:28	1	5
Herrería afectar974	2015-05-12 08:23:14	1	2
Medición dar978	2009-02-20 12:19:05	1	6
Montaje alfabeto531	2019-12-19 08:04:28	1	7
Carpintería codo770	2009-08-04 06:30:22	1	6
Jardinería terminar,54	2016-08-18 07:30:48	1	6
De sugerencia245	2007-11-15 16:26:51	1	4
Fijación cultural32	2011-06-24 08:23:48	1	1
Soldadura cuya747	2010-10-05 15:01:19	1	3
Campo carretera831	2007-10-13 12:36:15	1	2
Plomería bigote638	2019-06-04 10:45:53	1	7
Medición mentira29	2010-10-07 19:33:12	1	4
Precisión despacio18	2014-09-15 06:14:40	1	5
Construcción atún731	2010-10-17 12:55:25	1	5
Fijación ubicación403	2014-10-07 20:03:19	1	3
Sujeción lanzar744	2007-07-23 11:33:58	1	6
Golpe empatía448	2005-07-19 17:44:36	1	6
Golpe dibujo73	2015-08-14 14:56:11	1	7
Jardinería intentar901	2020-01-22 19:41:08	1	5
Campo color800	2020-11-14 11:34:38	1	2
Electricidad destrucción550	2010-04-06 19:19:23	1	9
Soldadura conciencia983	2017-05-28 19:02:03	1	6
Corte consumo918	2008-02-08 06:16:18	1	5
Tornillos alfabeto303	2010-01-24 16:51:37	1	9
Soldadura conciencia983	2005-08-23 07:57:04	1	10
Campo cansancio721	2010-12-19 12:54:58	1	10
Fijación Sustantivos544	2010-05-02 18:37:05	1	7
Multifunción esas66	2015-04-21 20:10:46	1	3
Campo tarde640	2020-03-21 10:03:31	1	7
Pintura grabado644	2011-06-21 13:01:51	1	8
Mecánicas patear357	2015-06-05 06:02:18	1	9
Electricidad peor432	2010-11-06 06:14:56	1	7
Soldadura puesto351	2020-02-03 19:34:03	1	9
Campo frío679	2008-09-26 17:44:47	1	6
Tornillos estado880	2018-09-14 09:14:06	1	5
Desbaste esa,769	2008-03-07 20:00:37	1	10
Soldadura raro,428	2008-05-06 06:29:36	1	2
Soldadura sol858	2018-05-27 19:29:31	1	9
Plomería doblar666	2013-01-25 14:14:39	1	1
Pintura suelo535	2007-08-19 07:14:05	1	4
Desbaste mejor661	2009-05-11 16:47:57	1	4
Electricidad sin674	2005-10-25 18:44:58	1	2
Ajuste capital430	2013-07-11 09:36:26	1	7
Montaje social756	2006-05-17 08:14:09	1	3
Campo verde341	2007-12-21 10:06:04	1	10
Soldadura de642	2005-10-14 15:54:41	1	10
Pintura nuestra315	2017-09-08 19:58:36	1	3
Herrería automóvil,269	2020-02-15 10:05:57	1	1
Construcción potencia325	2005-02-15 19:32:32	1	7
Construcción largo,435	2014-02-02 06:20:27	1	2
Plomería volumen224	2006-11-17 19:54:20	1	8
Medición ansioso563	2019-03-21 08:59:02	1	1
Campo año311	2005-12-14 14:44:13	1	2
Mecánicas forma932	2015-09-18 09:30:36	1	8
Multifunción situación579	2013-06-08 15:36:32	1	3
Electricidad fácilmente835	2008-05-10 12:49:04	1	7
Fijación metro451	2018-12-26 16:28:04	1	2
Cerrajería patatas382	2013-11-14 07:16:22	1	3
Cerrajería allá588	2009-08-03 15:22:41	1	4
Precisión vuestra156	2009-06-03 10:17:13	1	7
Unión concepto521	2011-05-14 17:22:17	1	10
Golpe acción397	2011-02-23 18:09:03	1	3
Unión progreso230	2013-07-10 10:30:48	1	1
Tornillos despejado732	2016-09-15 12:17:38	1	2
Relojería oro464	2008-06-01 12:25:59	1	10
Ajuste adrede78	2011-01-01 14:52:56	1	4
Cerrajería cola170	2009-06-21 06:42:29	1	5
Corte construcción662	2006-08-25 12:33:49	1	1
Medición acercar805	2013-08-20 10:49:55	1	8
Corte universal561	2006-11-06 20:16:35	1	10
Soldadura significado807	2006-11-14 09:05:49	1	7
Campo comida124	2008-05-01 12:07:09	1	6
Montaje hablar90	2011-04-17 15:30:42	1	7
Campo comida124	2011-09-18 07:57:46	1	7
Corte carne481	2013-03-28 10:31:45	1	9
Electricidad ahora61	2008-10-06 06:48:57	1	3
Golpe llevar50	2011-05-10 07:11:32	1	2
Desbaste noche776	2011-06-19 12:08:32	1	9
Golpe acierto814	2005-02-05 14:37:05	1	1
Relojería Adverbios836	2006-12-22 12:20:32	1	2
Cerrajería comparar249	2005-01-01 11:43:29	1	7
Unión corazón122	2006-10-23 08:48:40	1	9
Electricidad grabado822	2007-02-28 12:24:35	1	7
Desbaste a,506	2006-01-17 20:38:17	1	2
Mecánicas aeropuerto695	2016-03-25 07:46:02	1	3
Ajuste norma331	2009-08-04 06:35:42	1	10
Sujeción clavar931	2014-02-21 19:59:18	1	6
Golpe llevar50	2006-04-06 14:53:05	1	6
Sujeción sobre412	2012-03-23 16:25:43	1	7
Construcción de115	2013-07-13 18:11:40	1	9
Jardinería golpear512	2011-03-21 10:10:00	1	3
Jardinería estrella691	2010-10-10 17:05:44	1	9
Plomería palma987	2016-01-17 17:58:44	1	3
Sujeción dejar889	2012-01-12 06:37:35	1	7
Precisión tránsito,324	2012-09-13 13:53:38	1	2
Golpe escuela956	2009-04-17 06:05:44	1	9
Tornillos trabajar820	2018-02-18 17:39:02	1	1
Construcción cantar431	2009-02-06 08:55:07	1	10
Ajuste guerra228	2005-09-20 07:57:37	1	3
De dibujo411	2018-07-28 18:06:24	1	9
Relojería movimiento334	2006-11-14 07:28:25	1	5
Soldadura Transportes553	2005-08-11 08:02:25	1	10
Electricidad departamento833	2014-06-18 10:50:18	1	7
De muy832	2016-12-08 10:35:18	1	10
Corte tal737	2005-03-15 12:57:38	1	10
De menudo502	2015-04-21 08:08:56	1	4
Plomería débil278	2017-10-09 18:27:48	1	2
Carpintería gracias82	2005-10-09 11:07:51	1	2
Golpe solo,957	2016-04-22 07:08:26	1	7
Plomería meta348	2012-03-04 16:46:38	1	4
Multifunción economía225	2005-06-15 07:33:07	1	1
Desbaste lago556	2016-11-06 11:00:57	1	10
Construcción además675	2013-07-22 17:56:33	1	6
Construcción aguja636	2019-02-15 17:59:10	1	7
Medición comunicación568	2017-09-16 17:52:14	1	8
Jardinería solamente449	2010-05-17 13:17:35	1	3
Medición oreja495	2005-06-19 15:51:12	1	10
Pintura frontal466	2016-03-14 13:06:40	1	5
Sujeción absoluto72	2017-04-13 07:22:21	1	10
Multifunción situación579	2010-09-18 10:20:42	1	7
Unión calmo989	2018-01-10 06:44:03	1	6
Golpe instituto686	2014-03-09 13:47:25	1	10
Construcción señora853	2012-04-15 09:57:08	1	7
Construcción nieta177	2012-05-08 20:33:31	1	7
Soldadura olfato743	2015-04-12 11:40:14	1	9
Construcción posibilidad361	2014-04-14 08:23:41	1	5
Cerrajería por896	2020-03-17 10:22:39	1	8
Unión águila36	2011-08-19 07:15:36	1	10
Montaje alfabeto531	2015-12-06 13:35:04	1	1
Precisión culo995	2015-10-01 09:58:54	1	3
Campo bisnieto6	2012-01-05 10:28:30	1	6
Multifunción carne399	2008-02-01 11:46:57	1	1
Precisión sociedad480	2012-08-05 15:15:41	1	7
Montaje hablar90	2011-12-08 09:01:16	1	9
Tornillos pasado10	2010-07-16 09:18:57	1	1
Montaje ello152	2020-11-24 10:39:18	1	2
Ajuste oeste593	2011-07-04 15:01:55	1	10
Relojería tanto119	2019-08-14 16:11:03	1	8
Plomería esto749	2013-08-02 18:08:42	1	4
Multifunción carta74	2018-04-25 18:31:19	1	4
Precisión asustado,499	2008-01-26 10:03:54	1	9
Ajuste aquí539	2016-08-13 16:00:08	1	2
Plomería doblar666	2017-03-04 18:08:28	1	2
Soldadura dónde965	2006-12-19 06:35:59	1	1
Soldadura calcetines201	2019-07-25 13:26:36	1	5
Precisión amarillo267	2013-11-06 13:08:12	1	4
Precisión hilo77	2006-07-19 14:34:18	1	10
Multifunción esas66	2010-09-12 08:55:01	1	2
Multifunción arrojar422	2018-01-15 20:47:00	1	9
Ajuste gracias868	2019-10-07 16:09:45	1	8
De continental307	2017-07-06 06:48:59	1	1
Sujeción japonés470	2016-07-26 12:58:22	1	6
Plomería rural456	2018-01-13 06:57:35	1	1
Jardinería chaqueta99	2020-09-17 10:33:22	1	3
Desbaste fábrica34	2019-01-11 18:54:02	1	7
Mecánicas suya647	2013-03-16 07:03:38	1	7
Cerrajería dolor771	2008-02-01 15:44:22	1	4
Herrería montaña906	2006-04-20 13:36:20	1	4
Corte obtener,104	2016-11-11 15:25:30	1	8
Ajuste extraño973	2016-08-17 13:12:04	1	7
Fijación obligación960	2017-10-27 14:34:36	1	4
Plomería de252	2006-10-20 13:05:22	1	8
Desbaste fábrica34	2018-02-19 13:17:18	1	2
Electricidad según633	2020-06-22 10:08:20	1	6
Campo rata333	2007-12-22 09:17:36	1	7
Medición solicitar296	2006-01-04 14:22:20	1	7
Precisión asustado,499	2005-07-26 18:04:19	1	1
Corte orden20	2020-10-18 20:49:19	1	2
Campo domingo62	2019-08-09 14:58:03	1	7
Jardinería gobernador802	2009-11-22 08:00:40	1	6
Plomería meta348	2007-08-05 14:59:52	1	4
Ajuste venir433	2011-01-25 09:53:09	1	10
Desbaste a,506	2008-05-01 08:57:08	1	5
Jardinería chaqueta99	2009-03-11 07:36:07	1	9
Fijación interés849	2018-12-27 11:56:01	1	5
Golpe escuela956	2014-05-10 19:07:57	1	2
Corte misma955	2005-03-22 09:28:47	1	9
Multifunción colegio95	2007-09-24 20:43:49	1	1
Fijación allí629	2009-04-11 18:25:47	1	10
Campo libro108	2011-03-04 14:41:29	1	2
Sujeción rojo676	2018-05-16 10:47:40	1	10
Herrería ley56	2008-10-13 09:31:38	1	1
Electricidad grabado822	2009-10-20 14:55:18	1	10
Multifunción estado801	2015-07-13 13:15:53	1	6
Soldadura Transportes553	2016-06-19 16:36:14	1	8
Desbaste acertado971	2010-02-02 07:55:15	1	3
Tornillos autoridad175	2012-07-19 15:24:15	1	9
De caro492	2005-09-11 14:18:02	1	9
Montaje ello152	2011-10-08 11:13:36	1	1
Unión segundo340	2012-11-25 11:36:14	1	6
Herrería mariposa189	2020-01-10 14:49:34	1	7
Multifunción marisco781	2020-12-06 13:37:33	1	1
Unión agitado787	2013-07-09 14:04:15	1	7
Pintura tarde792	2019-01-06 07:51:07	1	4
Pintura mentira576	2011-08-23 11:26:31	1	3
Sujeción competencia415	2017-01-22 06:31:17	1	2
Construcción de115	2008-08-17 08:23:18	1	3
Multifunción segundo706	2005-07-22 18:58:23	1	8
Multifunción vida241	2015-10-11 17:20:46	1	8
Mecánicas diez766	2008-12-23 17:13:02	1	5
Montaje Adjetivos704	2010-06-22 11:48:55	1	8
Jardinería comisión142	2011-02-28 17:46:10	1	3
Multifunción de914	2013-09-18 18:49:42	1	2
Plomería débil278	2005-05-05 14:34:16	1	7
Ajuste desierto68	2010-02-28 14:01:07	1	7
Campo transporte,97	2015-12-12 06:21:44	1	8
Pintura caluroso607	2009-03-27 15:51:02	1	5
Sujeción lanzar744	2010-12-13 08:01:52	1	8
Construcción mujer723	2005-06-03 14:06:45	1	8
Cerrajería separado314	2018-07-06 06:40:51	1	9
Medición desenvolver818	2012-06-15 15:08:29	1	3
Sujeción creer93	2016-07-10 07:43:39	1	9
Precisión hoy329	2018-12-09 09:48:55	1	6
Herrería afectar974	2010-11-18 08:32:32	1	3
Cerrajería patatas382	2005-10-04 16:49:06	1	2
Multifunción rechazar604	2007-01-17 08:54:16	1	9
Desbaste cola966	2005-05-19 11:50:25	1	7
Campo milenio461	2012-05-06 15:49:58	1	9
Cerrajería por896	2005-11-07 16:23:18	1	9
Mecánicas patear357	2006-06-17 18:21:53	1	8
Relojería arroz0	2013-11-23 10:31:07	1	4
Mecánicas deterioro621	2016-10-13 20:50:13	1	8
Electricidad elogiar656	2007-04-25 07:17:49	1	4
Campo libro108	2012-09-01 08:10:19	1	5
Golpe guisantes117	2008-04-25 16:28:43	1	7
Multifunción segundo706	2008-04-13 11:58:37	1	1
Soldadura fresco185	2018-07-03 15:34:09	1	6
Ajuste semilla559	2007-03-15 11:54:52	1	3
Herrería idea572	2005-11-06 12:16:39	1	9
Fijación admirar,339	2011-01-11 15:30:56	1	2
Construcción nieta177	2018-06-13 16:40:37	1	8
Jardinería mayoría365	2011-10-27 09:50:11	1	4
Medición interrupción482	2007-09-18 14:31:03	1	1
Plomería sensaciones468	2016-04-26 10:47:44	1	2
Soldadura semana797	2009-01-14 09:29:05	1	2
Fijación consigo194	2017-05-08 07:09:48	1	3
Precisión luego219	2008-08-14 07:24:56	1	9
Desbaste demasiado586	2011-10-22 19:04:07	1	6
Construcción señora853	2020-08-15 06:09:24	1	1
Relojería boleto160	2019-01-21 09:10:12	1	10
Plomería reparar57	2007-06-24 10:41:56	1	8
Carpintería solitario569	2005-01-28 07:52:21	1	1
Carpintería Adverbios903	2009-05-19 10:47:54	1	1
Precisión ninguno,327	2008-05-07 10:36:14	1	4
Tornillos además91	2018-10-26 10:29:20	1	7
Unión oreja8	2010-04-03 12:53:31	1	4
Electricidad delgado407	2010-09-25 12:29:06	1	2
Plomería autobús,828	2020-05-08 09:20:59	1	6
Sujeción sobre412	2010-07-17 15:04:08	1	3
Corte representante742	2008-07-21 18:26:49	1	10
Electricidad utilizar580	2012-12-10 09:10:11	1	3
Construcción carretera516	2014-08-27 08:41:00	1	1
Herrería exterior712	2011-07-01 13:59:19	1	1
Corte trigo566	2017-01-26 11:29:32	1	6
Desbaste Adverbios560	2019-07-11 09:10:42	1	5
Pintura gallina491	2018-08-11 09:43:24	1	3
Corte actitud413	2018-08-06 14:06:47	1	1
Jardinería comisión142	2010-07-25 08:22:25	1	6
Cerrajería allá588	2013-03-13 08:19:05	1	8
Soldadura sol858	2011-10-07 08:38:59	1	2
Sujeción ciruela628	2008-01-19 07:41:06	1	9
Sujeción seguir423	2006-04-11 08:02:44	1	10
Unión añadir,364	2018-10-25 10:05:23	1	1
Jardinería mayoría365	2013-12-06 14:46:27	1	1
De menudo502	2014-12-05 19:36:01	1	8
Herrería mundo653	2016-08-04 08:42:53	1	1
Herrería ansioso261	2014-07-15 19:22:14	1	6
Precisión tránsito,324	2015-08-08 19:38:58	1	1
Multifunción únicamente204	2014-08-07 17:36:36	1	5
Herrería tallo857	2010-01-23 18:52:26	1	4
Ajuste norma331	2018-03-04 19:06:03	1	4
Soldadura fresco185	2019-04-25 12:45:15	1	5
Fijación Sustantivos544	2010-10-06 10:56:48	1	2
Medición ansioso563	2016-08-15 14:11:05	1	7
Corte nosotras877	2020-09-16 19:34:04	1	6
Corte acercar510	2014-03-23 12:02:38	1	6
Mecánicas frío509	2006-10-27 15:45:08	1	7
Sujeción abdomen951	2019-12-14 08:00:29	1	4
Medición utilizar355	2013-02-11 09:30:17	1	3
Corte máquina276	2020-05-22 18:41:21	1	7
Campo comida124	2012-04-02 13:34:00	1	9
Ajuste cambiar624	2006-02-02 15:28:18	1	1
Golpe enfado892	2014-07-27 18:34:14	1	7
Cerrajería aquellas1	2009-11-23 12:03:27	1	2
Pintura cuánto30	2010-03-19 08:06:26	1	10
Corte falso740	2014-10-17 06:12:28	1	7
Sujeción tigre376	2015-09-21 17:17:46	1	5
Sujeción manera632	2008-10-03 12:09:50	1	6
Precisión población295	2011-05-17 12:45:29	1	8
Construcción al803	2009-11-26 06:56:26	1	7
Mecánicas cremallera,919	2006-01-04 20:35:45	1	2
Soldadura diez76	2006-11-16 12:33:12	1	10
Montaje castaño477	2018-11-23 14:37:07	1	10
Soldadura interrupción453	2009-08-13 14:23:51	1	5
Golpe física414	2017-06-12 18:43:31	1	2
Corte familia757	2015-12-28 06:50:45	1	7
Tornillos amargo498	2006-11-26 16:34:22	1	10
Soldadura Transportes553	2017-06-04 17:57:29	1	9
Unión corazón122	2009-06-06 17:03:11	1	2
Unión extranjero173	2018-02-21 15:52:59	1	5
Desbaste a,506	2007-10-12 19:25:16	1	2
Soldadura construir838	2008-02-20 09:57:46	1	6
Electricidad peor432	2020-03-23 07:16:20	1	7
Campo éxtasis282	2013-07-17 08:15:15	1	4
Mecánicas bosque51	2005-01-13 20:11:53	1	3
Relojería intercambiar121	2008-08-12 13:05:16	1	5
Sujeción libro52	2016-01-07 17:59:55	1	10
Montaje social756	2017-09-25 11:24:55	1	5
Precisión despacio18	2019-03-09 18:10:53	1	4
Mecánicas forma932	2020-12-22 13:35:15	1	8
Soldadura calcetines201	2010-08-19 10:32:22	1	2
Precisión boleto268	2009-06-04 16:01:09	1	7
Campo cabello223	2006-12-04 10:59:09	1	2
Sujeción clavar931	2018-01-01 14:01:36	1	1
Campo nosotros,368	2013-03-25 10:59:33	1	7
Medición área409	2007-10-10 07:12:55	1	10
Multifunción colegio95	2013-01-06 14:00:21	1	3
Jardinería seguir102	2011-09-05 09:49:26	1	4
Montaje favor493	2008-11-16 16:06:11	1	10
Relojería arroz0	2017-01-15 08:10:13	1	4
Precisión fuerza786	2006-01-26 07:53:29	1	5
Pintura panel342	2014-06-28 09:53:57	1	3
Mecánicas bolsillo49	2014-04-07 06:40:52	1	10
Montaje de,763	2018-04-14 12:09:08	1	5
Carpintería izquierda664	2009-06-10 17:53:35	1	1
Medición cordelcordón774	2018-08-13 10:59:00	1	5
Construcción potencia325	2005-02-07 18:45:31	1	4
Electricidad corte101	2006-05-28 19:07:17	1	3
Montaje Adjetivos704	2018-04-17 13:48:05	1	3
Unión águila36	2015-05-08 11:07:21	1	8
Pintura apoyo967	2011-03-06 06:45:05	1	8
Relojería oro464	2009-12-05 08:06:26	1	1
Construcción mujer723	2019-04-07 15:53:01	1	1
Desbaste pesar207	2012-08-08 16:57:39	1	3
Pintura castaña554	2006-01-12 18:06:21	1	3
Sujeción creer93	2010-06-09 14:55:36	1	9
De ninguna,246	2019-05-11 08:36:50	1	10
Unión agitado787	2006-07-24 08:35:39	1	2
Pintura gallina491	2014-09-07 18:38:54	1	3
Pintura apoyo967	2019-06-18 11:15:00	1	6
Golpe interior615	2018-03-11 08:18:35	1	7
Herrería diverso724	2020-10-15 13:16:24	1	6
Montaje zapato203	2015-04-28 19:24:23	1	9
Medición mentira29	2020-02-23 06:17:34	1	4
Fijación música837	2017-06-22 15:27:46	1	4
Precisión doloroso998	2005-11-05 18:21:44	1	7
Sujeción competencia415	2009-03-19 17:19:12	1	3
Plomería de252	2011-02-08 12:04:23	1	5
Corte Transportes688	2015-06-03 08:38:22	1	3
Herrería mundo653	2011-05-22 11:42:26	1	9
Corte consumo918	2014-04-03 14:04:54	1	1
Relojería último33	2009-09-01 09:34:13	1	3
Soldadura interrupción453	2013-04-21 11:10:49	1	3
Precisión otras639	2012-04-08 20:28:30	1	1
Pintura capaz284	2015-08-22 10:55:23	1	1
De vía992	2017-10-16 20:33:47	1	8
Precisión hombre610	2015-03-06 09:43:51	1	1
Corte selva794	2020-09-18 20:49:54	1	8
Precisión población295	2008-01-08 18:11:15	1	3
Sujeción dejar889	2009-09-01 10:54:26	1	6
Jardinería área254	2019-01-21 10:33:36	1	10
Herrería tallo857	2016-01-02 12:08:33	1	8
Precisión comunicarse321	2009-06-15 10:42:41	1	1
Montaje intento216	2012-08-03 16:36:10	1	2
Electricidad fácilmente835	2010-10-07 10:11:02	1	3
Multifunción Actividades128	2011-09-15 07:09:00	1	9
Multifunción Actividades128	2015-12-15 18:40:39	1	4
Precisión regional518	2017-08-11 20:05:31	1	1
Electricidad utilizar580	2015-07-17 14:58:46	1	8
Tornillos ambos700	2009-06-04 09:37:40	1	7
Precisión luego219	2015-05-11 15:28:36	1	4
Corte amor476	2006-04-22 18:45:30	1	5
Precisión consejo289	2010-02-10 18:28:39	1	7
Soldadura placer,703	2005-12-21 06:31:12	1	7
Montaje cebada710	2007-01-18 13:14:19	1	1
Montaje suave753	2007-02-01 16:18:53	1	8
Mecánicas algo283	2009-06-24 06:16:23	1	3
Corte lateral981	2019-04-16 06:56:22	1	2
Sujeción precisar2	2018-08-20 11:44:49	1	6
Tornillos ciruela17	2013-04-27 15:42:20	1	4
Corte representante742	2011-02-01 14:13:33	1	5
Campo cadera959	2015-10-14 14:37:51	1	9
Campo Adverbios25	2009-02-28 18:46:50	1	3
Relojería enojarse,41	2013-03-05 13:00:56	1	5
Construcción lejos699	2007-02-25 17:36:15	1	7
Mecánicas mesa927	2014-06-06 08:08:42	1	3
Campo milenio461	2013-02-11 10:29:53	1	3
Cerrajería llorar274	2010-11-27 12:05:51	1	7
Pintura contigo53	2017-04-22 18:41:11	1	5
